,I_p_0.005,I_p_0.007,I_p_0.01,I_p_0.05,I_predict,R_p_0.005,R_p_0.007,R_p_0.01,R_p_0.05,R_predict,S_p_0.005,S_p_0.007,S_p_0.01,S_p_0.05,V_p_0.005,V_p_0.007,V_p_0.01,V_p_0.05,beta,gamma,Region,Population,Date,I_actual,R_actual,S_actual,index,Confirmed,Deceased,Recovered,totalConfirmed,totalFatalities,totalRecovered
0,70.0,70.0,70.0,70.0,70.0,11.0,11.0,11.0,11.0,11.0,1371360270.0,1371360270.0,1371360270.0,1371360270.0,0.0,0.0,0.0,0.0,0.0,0.0,India,1371360351,2020-03-14,70.0,11.0,11.0,0.0,81.0,2.0,9.0,81.0,2.0,9.0
1,93.0,93.0,93.0,93.0,93.0,15.0,15.0,15.0,15.0,15.0,1371360243.0,1371360243.0,1371360243.0,1371360243.0,0.0,0.0,0.0,0.0,0.3857143084966703,0.05714285714285714,India,1371360351,2020-03-15,93.0,15.0,15.0,1.0,27.0,0.0,4.0,108.0,2.0,13.0
2,107.0,107.0,107.0,107.0,107.0,16.0,16.0,16.0,16.0,16.0,1371360228.0,1371360228.0,1371360228.0,1371360228.0,0.0,0.0,0.0,0.0,0.16129033528289094,0.010752688172043012,India,1371360351,2020-03-16,107.0,16.0,16.0,2.0,15.0,0.0,1.0,123.0,2.0,14.0
3,116.0,116.0,116.0,116.0,116.0,18.0,18.0,18.0,18.0,18.0,1371360217.0,1371360217.0,1371360217.0,1371360217.0,0.0,0.0,0.0,0.0,0.10280374753842679,0.018691588785046728,India,1371360351,2020-03-17,116.0,18.0,18.0,3.0,11.0,1.0,1.0,134.0,3.0,15.0
4,153.0,153.0,153.0,153.0,153.0,18.0,18.0,18.0,18.0,18.0,1371360180.0,1371360180.0,1371360180.0,1371360180.0,0.0,0.0,0.0,0.0,0.3189655484085218,0.0,India,1371360351,2020-03-18,153.0,18.0,18.0,4.0,37.0,0.0,0.0,171.0,3.0,15.0
5,174.0,174.0,174.0,174.0,174.0,24.0,24.0,24.0,24.0,24.0,1371360153.0,1371360153.0,1371360153.0,1371360153.0,0.0,0.0,0.0,0.0,0.17647061024006794,0.0392156862745098,India,1371360351,2020-03-19,174.0,24.0,24.0,5.0,27.0,1.0,5.0,198.0,4.0,20.0
6,229.0,229.0,229.0,229.0,229.0,27.0,27.0,27.0,27.0,27.0,1371360095.0,1371360095.0,1371360095.0,1371360095.0,0.0,0.0,0.0,0.0,0.3333333814607343,0.017241379310344827,India,1371360351,2020-03-20,229.0,27.0,27.0,6.0,58.0,0.0,3.0,256.0,4.0,23.0
7,307.0,307.0,307.0,307.0,307.0,27.0,27.0,27.0,27.0,27.0,1371360017.0,1371360017.0,1371360017.0,1371360017.0,0.0,0.0,0.0,0.0,0.34061141729575123,0.0,India,1371360351,2020-03-21,307.0,27.0,27.0,7.0,78.0,0.0,0.0,334.0,4.0,23.0
8,371.0,371.0,371.0,371.0,371.0,30.0,30.0,30.0,30.0,30.0,1371359950.0,1371359950.0,1371359950.0,1371359950.0,0.0,0.0,0.0,0.0,0.21824109549872106,0.009771986970684038,India,1371360351,2020-03-22,371.0,30.0,30.0,8.0,67.0,3.0,0.0,401.0,7.0,23.0
9,459.0,459.0,459.0,459.0,459.0,44.0,44.0,44.0,44.0,44.0,1371359848.0,1371359848.0,1371359848.0,1371359848.0,0.0,0.0,0.0,0.0,0.2749326949484296,0.03773584905660377,India,1371360351,2020-03-23,459.0,44.0,44.0,9.0,102.0,2.0,12.0,503.0,9.0,35.0
10,517.0,517.0,517.0,517.0,517.0,50.0,50.0,50.0,50.0,50.0,1371359784.0,1371359784.0,1371359784.0,1371359784.0,0.0,0.0,0.0,0.0,0.13943360234097965,0.013071895424836602,India,1371360351,2020-03-24,517.0,50.0,50.0,10.0,64.0,1.0,5.0,567.0,10.0,40.0
11,603.0,603.0,603.0,603.0,603.0,54.0,54.0,54.0,54.0,54.0,1371359694.0,1371359694.0,1371359694.0,1371359694.0,0.0,0.0,0.0,0.0,0.17408130988634704,0.007736943907156673,India,1371360351,2020-03-25,603.0,54.0,54.0,11.0,90.0,1.0,3.0,657.0,11.0,43.0
12,656.0,656.0,656.0,656.0,656.0,66.0,66.0,66.0,66.0,66.0,1371359629.0,1371359629.0,1371359629.0,1371359629.0,0.0,0.0,0.0,0.0,0.10779441316853479,0.01990049751243781,India,1371360351,2020-03-26,656.0,66.0,66.0,12.0,65.0,5.0,7.0,722.0,16.0,50.0
13,791.0,791.0,791.0,791.0,791.0,95.0,95.0,95.0,95.0,95.0,1371359465.0,1371359465.0,1371359465.0,1371359465.0,0.0,0.0,0.0,0.0,0.2500001316212,0.04420731707317073,India,1371360351,2020-03-27,791.0,95.0,95.0,13.0,164.0,3.0,26.0,886.0,19.0,76.0
14,920.0,920.0,920.0,920.0,920.0,109.0,109.0,109.0,109.0,109.0,1371359322.0,1371359322.0,1371359322.0,1371359322.0,0.0,0.0,0.0,0.0,0.18078393475172416,0.017699115044247787,India,1371360351,2020-03-28,920.0,109.0,109.0,14.0,143.0,5.0,9.0,1029.0,24.0,85.0
15,1022.0,1022.0,1022.0,1022.0,1022.0,117.0,117.0,117.0,117.0,117.0,1371359212.0,1371359212.0,1371359212.0,1371359212.0,0.0,0.0,0.0,0.0,0.11956530710711166,0.008695652173913044,India,1371360351,2020-03-29,1022.0,117.0,117.0,15.0,110.0,3.0,5.0,1139.0,27.0,90.0
16,1147.0,1147.0,1147.0,1147.0,1147.0,179.0,179.0,179.0,179.0,179.0,1371359025.0,1371359025.0,1371359025.0,1371359025.0,0.0,0.0,0.0,0.0,0.18297471165875817,0.060665362035225046,India,1371360351,2020-03-30,1147.0,179.0,179.0,16.0,187.0,13.0,49.0,1326.0,40.0,139.0
17,1435.0,1435.0,1435.0,1435.0,1435.0,200.0,200.0,200.0,200.0,200.0,1371358716.0,1371358716.0,1371358716.0,1371358716.0,0.0,0.0,0.0,0.0,0.2693986911765705,0.018308631211857017,India,1371360351,2020-03-31,1435.0,200.0,200.0,17.0,309.0,6.0,15.0,1635.0,46.0,154.0
18,1834.0,1834.0,1834.0,1834.0,1834.0,225.0,225.0,225.0,225.0,225.0,1371358292.0,1371358292.0,1371358292.0,1371358292.0,0.0,0.0,0.0,0.0,0.2954707355493024,0.017421602787456445,India,1371360351,2020-04-01,1834.0,225.0,225.0,18.0,424.0,9.0,16.0,2059.0,55.0,170.0
19,2284.0,2284.0,2284.0,2284.0,2284.0,261.0,261.0,261.0,261.0,261.0,1371357806.0,1371357806.0,1371357806.0,1371357806.0,0.0,0.0,0.0,0.0,0.26499494530835255,0.019629225736095966,India,1371360351,2020-04-02,2284.0,261.0,261.0,19.0,486.0,14.0,22.0,2545.0,69.0,192.0
20,2792.0,2792.0,2792.0,2792.0,2792.0,313.0,313.0,313.0,313.0,313.0,1371357246.0,1371357246.0,1371357246.0,1371357246.0,0.0,0.0,0.0,0.0,0.2451843429343078,0.02276707530647986,India,1371360351,2020-04-03,2792.0,313.0,313.0,20.0,560.0,14.0,38.0,3105.0,83.0,230.0
21,3302.0,3302.0,3302.0,3302.0,3302.0,382.0,382.0,382.0,382.0,382.0,1371356667.0,1371356667.0,1371356667.0,1371356667.0,0.0,0.0,0.0,0.0,0.20737869303738113,0.0247134670487106,India,1371360351,2020-04-04,3302.0,382.0,382.0,21.0,579.0,13.0,56.0,3684.0,96.0,286.0
22,3846.0,3846.0,3846.0,3846.0,3846.0,447.0,447.0,447.0,447.0,447.0,1371356058.0,1371356058.0,1371356058.0,1371356058.0,0.0,0.0,0.0,0.0,0.18443417202060164,0.01968503937007874,India,1371360351,2020-04-05,3846.0,447.0,447.0,22.0,609.0,22.0,43.0,4293.0,118.0,329.0
23,4249.0,4249.0,4249.0,4249.0,4249.0,528.0,528.0,528.0,528.0,528.0,1371355574.0,1371355574.0,1371355574.0,1371355574.0,0.0,0.0,0.0,0.0,0.12584542775646457,0.02106084243369735,India,1371360351,2020-04-06,4249.0,528.0,528.0,23.0,484.0,16.0,65.0,4777.0,134.0,394.0
24,4720.0,4720.0,4720.0,4720.0,4720.0,630.0,630.0,630.0,630.0,630.0,1371355001.0,1371355001.0,1371355001.0,1371355001.0,0.0,0.0,0.0,0.0,0.13485572981796987,0.024005648387855967,India,1371360351,2020-04-07,4720.0,630.0,630.0,24.0,573.0,27.0,75.0,5350.0,161.0,469.0
25,5169.0,5169.0,5169.0,5169.0,5169.0,746.0,746.0,746.0,746.0,746.0,1371354436.0,1371354436.0,1371354436.0,1371354436.0,0.0,0.0,0.0,0.0,0.11970385682347173,0.02457627118644068,India,1371360351,2020-04-08,5169.0,746.0,746.0,25.0,565.0,20.0,96.0,5915.0,181.0,565.0
26,5866.0,5866.0,5866.0,5866.0,5866.0,862.0,862.0,862.0,862.0,862.0,1371353623.0,1371353623.0,1371353623.0,1371353623.0,0.0,0.0,0.0,0.0,0.15728448571783674,0.0224414780421745,India,1371360351,2020-04-09,5866.0,862.0,862.0,26.0,813.0,46.0,70.0,6728.0,227.0,635.0
27,6564.0,6564.0,6564.0,6564.0,6564.0,1035.0,1035.0,1035.0,1035.0,1035.0,1371352752.0,1371352752.0,1371352752.0,1371352752.0,0.0,0.0,0.0,0.0,0.14848351060592638,0.029491987725877942,India,1371360351,2020-04-10,6564.0,1035.0,1035.0,27.0,871.0,22.0,151.0,7599.0,249.0,786.0
28,7191.0,7191.0,7191.0,7191.0,7191.0,1262.0,1262.0,1262.0,1262.0,1262.0,1371351898.0,1371351898.0,1371351898.0,1371351898.0,0.0,0.0,0.0,0.0,0.13010431630442504,0.03458257160268129,India,1371360351,2020-04-11,7191.0,1262.0,1262.0,28.0,854.0,41.0,186.0,8453.0,290.0,972.0
29,7793.0,7793.0,7793.0,7793.0,7793.0,1418.0,1418.0,1418.0,1418.0,1418.0,1371351140.0,1371351140.0,1371351140.0,1371351140.0,0.0,0.0,0.0,0.0,0.10541018944580163,0.02169378389653734,India,1371360351,2020-04-12,7793.0,1418.0,1418.0,29.0,758.0,42.0,114.0,9211.0,332.0,1086.0
30,8897.0,8897.0,8897.0,8897.0,8897.0,1557.0,1557.0,1557.0,1557.0,1557.0,1371349897.0,1371349897.0,1371349897.0,1371349897.0,0.0,0.0,0.0,0.0,0.15950318861794066,0.017836519953804697,India,1371360351,2020-04-13,8897.0,1557.0,1557.0,30.0,1243.0,27.0,112.0,10454.0,359.0,1198.0
31,9724.0,9724.0,9724.0,9724.0,9724.0,1761.0,1761.0,1761.0,1761.0,1761.0,1371348866.0,1371348866.0,1371348866.0,1371348866.0,0.0,0.0,0.0,0.0,0.12729175341487972,0.020430904315844226,India,1371360351,2020-04-14,9724.0,1761.0,1761.0,31.0,1031.0,37.0,167.0,11485.0,396.0,1365.0
32,10439.0,10439.0,10439.0,10439.0,10439.0,1932.0,1932.0,1932.0,1932.0,1932.0,1371347980.0,1371347980.0,1371347980.0,1371347980.0,0.0,0.0,0.0,0.0,0.09720628349948987,0.015506125392493318,India,1371360351,2020-04-15,10439.0,1932.0,1932.0,32.0,886.0,27.0,144.0,12371.0,423.0,1509.0
33,11216.0,11216.0,11216.0,11216.0,11216.0,2216.0,2216.0,2216.0,2216.0,2216.0,1371346919.0,1371346919.0,1371346919.0,1371346919.0,0.0,0.0,0.0,0.0,0.1067877144403529,0.029085449459111817,India,1371360351,2020-04-16,11216.0,2216.0,2216.0,33.0,1061.0,26.0,258.0,13432.0,449.0,1767.0
34,11827.0,11827.0,11827.0,11827.0,11827.0,2527.0,2527.0,2527.0,2527.0,2527.0,1371345997.0,1371345997.0,1371345997.0,1371345997.0,0.0,0.0,0.0,0.0,0.08464409994229781,0.021211487177800168,India,1371360351,2020-04-17,11827.0,2527.0,2527.0,34.0,922.0,38.0,273.0,14354.0,487.0,2040.0
35,12737.0,12737.0,12737.0,12737.0,12737.0,2988.0,2988.0,2988.0,2988.0,2988.0,1371344626.0,1371344626.0,1371344626.0,1371344626.0,0.0,0.0,0.0,0.0,0.11018260100444936,0.026293075925949306,India,1371360351,2020-04-18,12737.0,2988.0,2988.0,35.0,1371.0,35.0,426.0,15725.0,522.0,2466.0
36,13891.0,13891.0,13891.0,13891.0,13891.0,3414.0,3414.0,3414.0,3414.0,3414.0,1371343046.0,1371343046.0,1371343046.0,1371343046.0,0.0,0.0,0.0,0.0,0.12294305102223227,0.02769258083084332,India,1371360351,2020-04-19,13891.0,3414.0,3414.0,36.0,1580.0,38.0,388.0,17305.0,560.0,2854.0
37,14678.0,14678.0,14678.0,14678.0,14678.0,3866.0,3866.0,3866.0,3866.0,3866.0,1371341807.0,1371341807.0,1371341807.0,1371341807.0,0.0,0.0,0.0,0.0,0.0969467481130894,0.025510131364102767,India,1371360351,2020-04-20,14678.0,3866.0,3866.0,37.0,1239.0,33.0,419.0,18544.0,593.0,3273.0
38,15459.0,15459.0,15459.0,15459.0,15459.0,4622.0,4622.0,4622.0,4622.0,4622.0,1371340270.0,1371340270.0,1371340270.0,1371340270.0,0.0,0.0,0.0,0.0,0.10141006706512999,0.037424148400128344,India,1371360351,2020-04-21,15459.0,4622.0,4622.0,38.0,1537.0,53.0,703.0,20081.0,646.0,3976.0
39,16321.0,16321.0,16321.0,16321.0,16321.0,5052.0,5052.0,5052.0,5052.0,5052.0,1371338978.0,1371338978.0,1371338978.0,1371338978.0,0.0,0.0,0.0,0.0,0.09074284540776219,0.02719895730227875,India,1371360351,2020-04-22,16321.0,5052.0,5052.0,39.0,1292.0,36.0,394.0,21373.0,682.0,4370.0
40,17306.0,17306.0,17306.0,17306.0,17306.0,5734.0,5734.0,5734.0,5734.0,5734.0,1371337311.0,1371337311.0,1371337311.0,1371337311.0,0.0,0.0,0.0,0.0,0.10140640587529698,0.03395951652933042,India,1371360351,2020-04-23,17306.0,5734.0,5734.0,40.0,1667.0,40.0,642.0,23040.0,722.0,5012.0
41,18171.0,18171.0,18171.0,18171.0,18171.0,6277.0,6277.0,6277.0,6277.0,6277.0,1371335903.0,1371335903.0,1371335903.0,1371335903.0,0.0,0.0,0.0,0.0,0.08200591350304917,0.03701076613118363,India,1371360351,2020-04-24,18171.0,6277.0,6277.0,41.0,1408.0,59.0,484.0,24448.0,781.0,5496.0
42,19520.0,19520.0,19520.0,19520.0,19520.0,6763.0,6763.0,6763.0,6763.0,6763.0,1371334068.0,1371334068.0,1371334068.0,1371334068.0,0.0,0.0,0.0,0.0,0.09977606238107867,0.03304087743478488,India,1371360351,2020-04-25,19520.0,6763.0,6763.0,42.0,1835.0,44.0,442.0,26283.0,825.0,5938.0
43,20486.0,20486.0,20486.0,20486.0,20486.0,7404.0,7404.0,7404.0,7404.0,7404.0,1371332461.0,1371332461.0,1371332461.0,1371332461.0,0.0,0.0,0.0,0.0,0.08414421432300119,0.028117757743257688,India,1371360351,2020-04-26,20486.0,7404.0,7404.0,43.0,1607.0,56.0,585.0,27890.0,881.0,6523.0
44,21416.0,21416.0,21416.0,21416.0,21416.0,8042.0,8042.0,8042.0,8042.0,8042.0,1371330893.0,1371330893.0,1371330893.0,1371330893.0,0.0,0.0,0.0,0.0,0.06630187869464155,0.029955657393393224,India,1371360351,2020-04-27,21416.0,8042.0,8042.0,44.0,1568.0,58.0,580.0,29458.0,939.0,7103.0
45,22613.0,22613.0,22613.0,22613.0,22613.0,8747.0,8747.0,8747.0,8747.0,8747.0,1371328991.0,1371328991.0,1371328991.0,1371328991.0,0.0,0.0,0.0,0.0,0.08745381207427476,0.03293140404810016,India,1371360351,2020-04-28,22613.0,8747.0,8747.0,45.0,1902.0,69.0,636.0,31360.0,1008.0,7739.0
46,23557.0,23557.0,23557.0,23557.0,23557.0,9508.0,9508.0,9508.0,9508.0,9508.0,1371327286.0,1371327286.0,1371327286.0,1371327286.0,0.0,0.0,0.0,0.0,0.08247492091102021,0.030216573547291955,India,1371360351,2020-04-29,23557.0,9508.0,9508.0,46.0,1705.0,71.0,690.0,33065.0,1079.0,8429.0
47,24654.0,24654.0,24654.0,24654.0,24654.0,10213.0,10213.0,10213.0,10213.0,10213.0,1371325484.0,1371325484.0,1371325484.0,1371325484.0,0.0,0.0,0.0,0.0,0.08293015780513943,0.03466201010719398,India,1371360351,2020-04-30,24654.0,10213.0,10213.0,47.0,1802.0,75.0,630.0,34867.0,1154.0,9059.0
48,26011.0,26011.0,26011.0,26011.0,26011.0,11252.0,11252.0,11252.0,11252.0,11252.0,1371323088.0,1371323088.0,1371323088.0,1371323088.0,0.0,0.0,0.0,0.0,0.10011398010273734,0.03607791497139603,India,1371360351,2020-05-01,26011.0,11252.0,11252.0,48.0,2396.0,77.0,962.0,37263.0,1231.0,10021.0
49,27652.0,27652.0,27652.0,27652.0,27652.0,12175.0,12175.0,12175.0,12175.0,12175.0,1371320524.0,1371320524.0,1371320524.0,1371320524.0,0.0,0.0,0.0,0.0,0.08981313151574016,0.033327846170213254,India,1371360351,2020-05-02,27652.0,12175.0,12175.0,49.0,2564.0,92.0,831.0,39827.0,1323.0,10852.0
50,29553.0,29553.0,29553.0,29553.0,29553.0,13226.0,13226.0,13226.0,13226.0,13226.0,1371317572.0,1371317572.0,1371317572.0,1371317572.0,0.0,0.0,0.0,0.0,0.08279383789288097,0.03749804673070862,India,1371360351,2020-05-03,29553.0,13226.0,13226.0,50.0,2952.0,140.0,911.0,42779.0,1463.0,11763.0
51,32024.0,32024.0,32024.0,32024.0,32024.0,14411.0,14411.0,14411.0,14411.0,14411.0,1371313916.0,1371313916.0,1371313916.0,1371313916.0,0.0,0.0,0.0,0.0,0.1060823290229338,0.0380824163777628,India,1371360351,2020-05-04,32024.0,14411.0,14411.0,51.0,3656.0,103.0,1082.0,46435.0,1566.0,12845.0
52,33572.0,33572.0,33572.0,33572.0,33572.0,15834.0,15834.0,15834.0,15834.0,15834.0,1371310945.0,1371310945.0,1371310945.0,1371310945.0,0.0,0.0,0.0,0.0,0.09339824636753943,0.03688520779722304,India,1371360351,2020-05-05,33572.0,15834.0,15834.0,52.0,2971.0,128.0,1295.0,49406.0,1694.0,14140.0
53,35922.0,35922.0,35922.0,35922.0,35922.0,17086.0,17086.0,17086.0,17086.0,17086.0,1371307343.0,1371307343.0,1371307343.0,1371307343.0,0.0,0.0,0.0,0.0,0.10033009838719815,0.038549757086740376,India,1371360351,2020-05-06,35922.0,17086.0,17086.0,53.0,3602.0,91.0,1161.0,53008.0,1785.0,15301.0
54,37687.0,37687.0,37687.0,37687.0,37687.0,18665.0,18665.0,18665.0,18665.0,18665.0,1371303999.0,1371303999.0,1371303999.0,1371303999.0,0.0,0.0,0.0,0.0,0.10046365774808687,0.035564711926463315,India,1371360351,2020-05-07,37687.0,18665.0,18665.0,54.0,3344.0,104.0,1475.0,56352.0,1889.0,16776.0
55,39818.0,39818.0,39818.0,39818.0,39818.0,19873.0,19873.0,19873.0,19873.0,19873.0,1371300660.0,1371300660.0,1371300660.0,1371300660.0,0.0,0.0,0.0,0.0,0.09906327607993079,0.03881509665664004,India,1371360351,2020-05-08,39818.0,19873.0,19873.0,55.0,3339.0,97.0,1111.0,59691.0,1986.0,17887.0
56,41464.0,41464.0,41464.0,41464.0,41464.0,21402.0,21402.0,21402.0,21402.0,21402.0,1371297485.0,1371297485.0,1371297485.0,1371297485.0,0.0,0.0,0.0,0.0,0.09332052923789741,0.03501052111091019,India,1371360351,2020-05-09,41464.0,21402.0,21402.0,56.0,3175.0,115.0,1414.0,62866.0,2101.0,19301.0
57,43994.0,43994.0,43994.0,43994.0,43994.0,23183.0,23183.0,23183.0,23183.0,23183.0,1371293174.0,1371293174.0,1371293174.0,1371293174.0,0.0,0.0,0.0,0.0,0.0994060721186926,0.03773315646917802,India,1371360351,2020-05-10,43994.0,23183.0,23183.0,57.0,4311.0,112.0,1669.0,67177.0,2213.0,20970.0
58,45926.0,45926.0,45926.0,45926.0,45926.0,24843.0,24843.0,24843.0,24843.0,24843.0,1371289582.0,1371289582.0,1371289582.0,1371289582.0,0.0,0.0,0.0,0.0,0.08915781785406117,0.037827554204828036,India,1371360351,2020-05-11,45926.0,24843.0,24843.0,58.0,3592.0,81.0,1579.0,70769.0,2294.0,22549.0
59,47463.0,47463.0,47463.0,47463.0,47463.0,26868.0,26868.0,26868.0,26868.0,26868.0,1371286020.0,1371286020.0,1371286020.0,1371286020.0,0.0,0.0,0.0,0.0,0.09939534919738413,0.037279733709884195,India,1371360351,2020-05-12,47463.0,26868.0,26868.0,59.0,3562.0,120.0,1905.0,74331.0,2414.0,24454.0
60,49089.0,49089.0,49089.0,49089.0,49089.0,28968.0,28968.0,28968.0,28968.0,28968.0,1371282294.0,1371282294.0,1371282294.0,1371282294.0,0.0,0.0,0.0,0.0,0.07603172000889716,0.04286391962991687,India,1371360351,2020-05-13,49089.0,28968.0,28968.0,60.0,3726.0,137.0,1963.0,78057.0,2551.0,26417.0
61,51389.0,51389.0,51389.0,51389.0,51389.0,30659.0,30659.0,30659.0,30659.0,30659.0,1371278303.0,1371278303.0,1371278303.0,1371278303.0,0.0,0.0,0.0,0.0,0.0717231371314092,0.041591925455064654,India,1371360351,2020-05-14,51389.0,30659.0,30659.0,61.0,3991.0,97.0,1594.0,82048.0,2648.0,28011.0
62,52859.0,52859.0,52859.0,52859.0,52859.0,32997.0,32997.0,32997.0,32997.0,32997.0,1371274495.0,1371274495.0,1371274495.0,1371274495.0,0.0,0.0,0.0,0.0,0.07573650412520008,0.043284571209963985,India,1371360351,2020-05-15,52859.0,32997.0,32997.0,62.0,3808.0,104.0,2234.0,85856.0,2752.0,30245.0
63,53521.0,53521.0,53521.0,53521.0,53521.0,37129.0,37129.0,37129.0,37129.0,37129.0,1371269701.0,1371269701.0,1371269701.0,1371269701.0,0.0,0.0,0.0,0.0,0.08703303142001825,0.04034354922256603,India,1371360351,2020-05-16,53521.0,37129.0,37129.0,63.0,4794.0,120.0,4012.0,90650.0,2872.0,34257.0
64,55880.0,55880.0,55880.0,55880.0,55880.0,39819.0,39819.0,39819.0,39819.0,39819.0,1371264652.0,1371264652.0,1371264652.0,1371264652.0,0.0,0.0,0.0,0.0,0.08896466904092354,0.047052253246692745,India,1371360351,2020-05-17,55880.0,39819.0,39819.0,64.0,5049.0,152.0,2538.0,95699.0,3024.0,36795.0
65,57895.0,57895.0,57895.0,57895.0,57895.0,42432.0,42432.0,42432.0,42432.0,42432.0,1371260024.0,1371260024.0,1371260024.0,1371260024.0,0.0,0.0,0.0,0.0,0.08638806067996613,0.05371592929929023,India,1371360351,2020-05-18,57895.0,42432.0,42432.0,65.0,4628.0,131.0,2482.0,100327.0,3155.0,39277.0
66,60057.0,60057.0,60057.0,60057.0,60057.0,45610.0,45610.0,45610.0,45610.0,45610.0,1371254684.0,1371254684.0,1371254684.0,1371254684.0,0.0,0.0,0.0,0.0,0.07920369143406228,0.04952726066555593,India,1371360351,2020-05-19,60057.0,45610.0,45610.0,66.0,5340.0,146.0,3032.0,105667.0,3301.0,42309.0
67,62248.0,62248.0,62248.0,62248.0,62248.0,48857.0,48857.0,48857.0,48857.0,48857.0,1371249246.0,1371249246.0,1371249246.0,1371249246.0,0.0,0.0,0.0,0.0,0.08723297430173602,0.04526462394117414,India,1371360351,2020-05-20,62248.0,48857.0,48857.0,67.0,5438.0,134.0,3113.0,111105.0,3435.0,45422.0
68,64685.0,64685.0,64685.0,64685.0,64685.0,52136.0,52136.0,52136.0,52136.0,52136.0,1371243530.0,1371243530.0,1371243530.0,1371243530.0,0.0,0.0,0.0,0.0,0.08251459362017734,0.048654139167013756,India,1371360351,2020-05-21,64685.0,52136.0,52136.0,68.0,5716.0,148.0,3131.0,116821.0,3583.0,48553.0
69,67582.0,67582.0,67582.0,67582.0,67582.0,55558.0,55558.0,55558.0,55558.0,55558.0,1371237211.0,1371237211.0,1371237211.0,1371237211.0,0.0,0.0,0.0,0.0,0.09604915120183928,0.044182034368619276,India,1371360351,2020-05-22,67582.0,55558.0,55558.0,69.0,6319.0,142.0,3280.0,123140.0,3725.0,51833.0
70,71250.0,71250.0,71250.0,71250.0,71250.0,58276.0,58276.0,58276.0,58276.0,58276.0,1371230825.0,1371230825.0,1371230825.0,1371230825.0,0.0,0.0,0.0,0.0,0.09538507993102793,0.054309255809466266,India,1371360351,2020-05-23,71250.0,58276.0,58276.0,70.0,6386.0,142.0,2576.0,129526.0,3867.0,54409.0
71,74481.0,74481.0,74481.0,74481.0,74481.0,61717.0,61717.0,61717.0,61717.0,61717.0,1371224153.0,1371224153.0,1371224153.0,1371224153.0,0.0,0.0,0.0,0.0,0.09939752182095583,0.0503032723895785,India,1371360351,2020-05-24,74481.0,61717.0,61717.0,71.0,6672.0,156.0,3285.0,136198.0,4023.0,57694.0
72,77429.0,77429.0,77429.0,77429.0,77429.0,64879.0,64879.0,64879.0,64879.0,64879.0,1371218043.0,1371218043.0,1371218043.0,1371218043.0,0.0,0.0,0.0,0.0,0.0962823919547041,0.04668691417646424,India,1371360351,2020-05-25,77429.0,64879.0,64879.0,72.0,6110.0,150.0,3012.0,142308.0,4173.0,60706.0
73,79250.0,79250.0,79250.0,79250.0,79250.0,68637.0,68637.0,68637.0,68637.0,68637.0,1371212464.0,1371212464.0,1371212464.0,1371212464.0,0.0,0.0,0.0,0.0,0.07452556754007617,0.0484388619561817,India,1371360351,2020-05-26,79250.0,68637.0,68637.0,73.0,5579.0,173.0,3585.0,147887.0,4346.0,64291.0
74,81831.0,81831.0,81831.0,81831.0,81831.0,72259.0,72259.0,72259.0,72259.0,72259.0,1371206261.0,1371206261.0,1371206261.0,1371206261.0,0.0,0.0,0.0,0.0,0.08185632841739991,0.04759186727091242,India,1371360351,2020-05-27,81831.0,72259.0,72259.0,74.0,6203.0,188.0,3434.0,154090.0,4534.0,67725.0
75,85419.0,85419.0,85419.0,85419.0,85419.0,75606.0,75606.0,75606.0,75606.0,75606.0,1371199326.0,1371199326.0,1371199326.0,1371199326.0,0.0,0.0,0.0,0.0,0.07909449444535308,0.04765654283709236,India,1371360351,2020-05-28,85419.0,75606.0,75606.0,75.0,6935.0,176.0,3171.0,161025.0,4710.0,70896.0
76,81212.0,81212.0,81212.0,81212.0,81212.0,87610.0,87610.0,87610.0,87610.0,87610.0,1371191529.0,1371191529.0,1371191529.0,1371191529.0,0.0,0.0,0.0,0.0,0.08259088879622083,0.06063024214777166,India,1371360351,2020-05-29,81212.0,87610.0,87610.0,76.0,7797.0,269.0,11735.0,168822.0,4979.0,82631.0
77,84698.0,84698.0,84698.0,84698.0,84698.0,92118.0,92118.0,92118.0,92118.0,92118.0,1371183535.0,1371183535.0,1371183535.0,1371183535.0,0.0,0.0,0.0,0.0,0.09174815737661977,0.06060129516391473,India,1371360351,2020-05-30,84698.0,92118.0,92118.0,77.0,7994.0,205.0,4303.0,176816.0,5184.0,86934.0
78,87889.0,87889.0,87889.0,87889.0,87889.0,97268.0,97268.0,97268.0,97268.0,97268.0,1371175194.0,1371175194.0,1371175194.0,1371175194.0,0.0,0.0,0.0,0.0,0.10007400725446752,0.0658216207900293,India,1371360351,2020-05-31,87889.0,97268.0,97268.0,78.0,8341.0,222.0,4928.0,185157.0,5406.0,91862.0
79,91390.0,91390.0,91390.0,91390.0,91390.0,101351.0,101351.0,101351.0,101351.0,101351.0,1371167610.0,1371167610.0,1371167610.0,1371167610.0,0.0,0.0,0.0,0.0,0.08851336667403197,0.06250048022396121,India,1371360351,2020-06-01,91390.0,101351.0,101351.0,79.0,7584.0,201.0,3882.0,192741.0,5607.0,95744.0
80,94665.0,94665.0,94665.0,94665.0,94665.0,106104.0,106104.0,106104.0,106104.0,106104.0,1371159582.0,1371159582.0,1371159582.0,1371159582.0,0.0,0.0,0.0,0.0,0.08586254211334785,0.05898120211923845,India,1371360351,2020-06-02,94665.0,106104.0,106104.0,80.0,8028.0,222.0,4531.0,200769.0,5829.0,100275.0
81,99597.0,99597.0,99597.0,99597.0,99597.0,110152.0,110152.0,110152.0,110152.0,110152.0,1371150602.0,1371150602.0,1371150602.0,1371150602.0,0.0,0.0,0.0,0.0,0.08596017384037372,0.05584727753248175,India,1371360351,2020-06-03,99597.0,110152.0,110152.0,81.0,8980.0,259.0,3789.0,209749.0,6088.0,104064.0
82,104420.0,104420.0,104420.0,104420.0,104420.0,114816.0,114816.0,114816.0,114816.0,114816.0,1371141115.0,1371141115.0,1371141115.0,1371141115.0,0.0,0.0,0.0,0.0,0.0957827778240597,0.043366356716230556,India,1371360351,2020-06-04,104420.0,114816.0,114816.0,82.0,9487.0,274.0,4390.0,219236.0,6362.0,108454.0
83,108709.0,108709.0,108709.0,108709.0,108709.0,119872.0,119872.0,119872.0,119872.0,119872.0,1371131770.0,1371131770.0,1371131770.0,1371131770.0,0.0,0.0,0.0,0.0,0.0923304221044969,0.059685218318398105,India,1371360351,2020-06-05,108709.0,119872.0,119872.0,83.0,9345.0,286.0,4770.0,228581.0,6648.0,113224.0
84,112805.0,112805.0,112805.0,112805.0,112805.0,125602.0,125602.0,125602.0,125602.0,125602.0,1371121944.0,1371121944.0,1371121944.0,1371121944.0,0.0,0.0,0.0,0.0,0.09896557811674998,0.051859201094782634,India,1371360351,2020-06-06,112805.0,125602.0,125602.0,84.0,9826.0,297.0,5433.0,238407.0,6945.0,118657.0
85,117817.0,117817.0,117817.0,117817.0,117817.0,131054.0,131054.0,131054.0,131054.0,131054.0,1371111480.0,1371111480.0,1371111480.0,1371111480.0,0.0,0.0,0.0,0.0,0.08617984128960447,0.06021241677943916,India,1371360351,2020-06-07,117817.0,131054.0,131054.0,85.0,10464.0,261.0,5191.0,248871.0,7206.0,123848.0
86,121684.0,121684.0,121684.0,121684.0,121684.0,136496.0,136496.0,136496.0,136496.0,136496.0,1371102171.0,1371102171.0,1371102171.0,1371102171.0,0.0,0.0,0.0,0.0,0.0908896760627269,0.05233607713556682,India,1371360351,2020-06-08,121684.0,136496.0,136496.0,86.0,9309.0,271.0,5171.0,258180.0,7477.0,129019.0
87,124885.0,124885.0,124885.0,124885.0,124885.0,142402.0,142402.0,142402.0,142402.0,142402.0,1371093064.0,1371093064.0,1371093064.0,1371093064.0,0.0,0.0,0.0,0.0,0.08151309436184767,0.046949771549989694,India,1371360351,2020-06-09,124885.0,142402.0,142402.0,87.0,9107.0,272.0,5634.0,267287.0,7749.0,134653.0
88,128892.0,128892.0,128892.0,128892.0,128892.0,149035.0,149035.0,149035.0,149035.0,149035.0,1371082424.0,1371082424.0,1371082424.0,1371082424.0,0.0,0.0,0.0,0.0,0.08020689772601093,0.05735238364286623,India,1371360351,2020-06-10,128892.0,149035.0,149035.0,88.0,10640.0,358.0,6275.0,277927.0,8107.0,140928.0
89,133885.0,133885.0,133885.0,133885.0,133885.0,155473.0,155473.0,155473.0,155473.0,155473.0,1371070993.0,1371070993.0,1371070993.0,1371070993.0,0.0,0.0,0.0,0.0,0.08442428726686711,0.07274206208801698,India,1371360351,2020-06-11,133885.0,155473.0,155473.0,89.0,11431.0,394.0,6044.0,289358.0,8501.0,146972.0
90,138156.0,138156.0,138156.0,138156.0,138156.0,163124.0,163124.0,163124.0,163124.0,163124.0,1371059071.0,1371059071.0,1371059071.0,1371059071.0,0.0,0.0,0.0,0.0,0.08940923787368504,0.06364014873615839,India,1371360351,2020-06-12,138156.0,163124.0,163124.0,90.0,11922.0,388.0,7263.0,301280.0,8889.0,154235.0
91,142125.0,142125.0,142125.0,142125.0,142125.0,171525.0,171525.0,171525.0,171525.0,171525.0,1371046701.0,1371046701.0,1371046701.0,1371046701.0,0.0,0.0,0.0,0.0,0.08921555094862949,0.04724414859316582,India,1371360351,2020-06-13,142125.0,171525.0,171525.0,91.0,12370.0,309.0,8092.0,313650.0,9198.0,162327.0
92,146396.0,146396.0,146396.0,146396.0,146396.0,179207.0,179207.0,179207.0,179207.0,179207.0,1371034748.0,1371034748.0,1371034748.0,1371034748.0,0.0,0.0,0.0,0.0,0.08863136777219069,0.050180614520895776,India,1371360351,2020-06-14,146396.0,179207.0,179207.0,92.0,11953.0,324.0,7358.0,325603.0,9522.0,169685.0
93,145857.0,145857.0,145857.0,145857.0,145857.0,190242.0,190242.0,190242.0,190242.0,190242.0,1371024252.0,1371024252.0,1371024252.0,1371024252.0,0.0,0.0,0.0,0.0,0.07779673683072764,0.06587942278734553,India,1371360351,2020-06-15,145857.0,190242.0,190242.0,93.0,10496.0,396.0,10639.0,336099.0,9918.0,180324.0
94,147001.0,147001.0,147001.0,147001.0,147001.0,199472.0,199472.0,199472.0,199472.0,199472.0,1371013878.0,1371013878.0,1371013878.0,1371013878.0,0.0,0.0,0.0,0.0,0.06968615956513949,0.053129648659388594,India,1371360351,2020-06-16,147001.0,199472.0,199472.0,94.0,10374.0,2004.0,7226.0,346473.0,11922.0,187550.0
95,152289.0,152289.0,152289.0,152289.0,152289.0,206703.0,206703.0,206703.0,206703.0,206703.0,1371001359.0,1371001359.0,1371001359.0,1371001359.0,0.0,0.0,0.0,0.0,0.079464831099547,0.05569606957747,India,1371360351,2020-06-17,152289.0,206703.0,206703.0,95.0,12519.0,341.0,6890.0,358992.0,12263.0,194440.0
96,154604.0,154604.0,154604.0,154604.0,154604.0,217787.0,217787.0,217787.0,217787.0,217787.0,1370987960.0,1370987960.0,1370987960.0,1370987960.0,0.0,0.0,0.0,0.0,0.08318133813535288,0.06289431219439794,India,1371360351,2020-06-18,154604.0,217787.0,217787.0,96.0,13399.0,343.0,10741.0,372391.0,12606.0,205181.0
97,159625.0,159625.0,159625.0,159625.0,159625.0,227180.0,227180.0,227180.0,227180.0,227180.0,1370973546.0,1370973546.0,1370973546.0,1370973546.0,0.0,0.0,0.0,0.0,0.08617290975150463,0.05002364409788477,India,1371360351,2020-06-19,159625.0,227180.0,227180.0,97.0,14414.0,364.0,9029.0,386805.0,12970.0,214210.0
98,160923.0,160923.0,160923.0,160923.0,160923.0,241462.0,241462.0,241462.0,241462.0,241462.0,1370957966.0,1370957966.0,1370957966.0,1370957966.0,0.0,0.0,0.0,0.0,0.09617552218195277,0.075141537408424,India,1371360351,2020-06-20,160923.0,241462.0,241462.0,98.0,15580.0,308.0,13974.0,402385.0,13278.0,228184.0
99,166711.0,166711.0,166711.0,166711.0,166711.0,250963.0,250963.0,250963.0,250963.0,250963.0,1370942677.0,1370942677.0,1370942677.0,1370942677.0,0.0,0.0,0.0,0.0,0.09280303362561948,0.055282135401302585,India,1371360351,2020-06-21,166711.0,250963.0,250963.0,99.0,15289.0,426.0,9075.0,417674.0,13704.0,237259.0
100,170375.0,170375.0,170375.0,170375.0,170375.0,262154.0,262154.0,262154.0,262154.0,262154.0,1370927822.0,1370927822.0,1370927822.0,1370927822.0,0.0,0.0,0.0,0.0,0.08540140370544613,0.06859680781490964,India,1371360351,2020-06-22,170375.0,262154.0,262154.0,100.0,14855.0,312.0,10879.0,432529.0,14016.0,248138.0
101,174918.0,174918.0,174918.0,174918.0,174918.0,273084.0,273084.0,273084.0,273084.0,273084.0,1370912349.0,1370912349.0,1370912349.0,1370912349.0,0.0,0.0,0.0,0.0,0.08499586232075687,0.06986290600532202,India,1371360351,2020-06-23,174918.0,273084.0,273084.0,101.0,15473.0,468.0,10462.0,448002.0,14484.0,258600.0
102,178147.0,178147.0,178147.0,178147.0,178147.0,286597.0,286597.0,286597.0,286597.0,286597.0,1370895607.0,1370895607.0,1370895607.0,1370895607.0,0.0,0.0,0.0,0.0,0.0920731582531906,0.06677602402858127,India,1371360351,2020-06-24,178147.0,286597.0,286597.0,102.0,16742.0,424.0,13089.0,464744.0,14908.0,271689.0
103,181616.0,181616.0,181616.0,181616.0,181616.0,300981.0,300981.0,300981.0,300981.0,300981.0,1370877754.0,1370877754.0,1370877754.0,1370877754.0,0.0,0.0,0.0,0.0,0.09858685395346534,0.06672980291005275,India,1371360351,2020-06-25,181616.0,300981.0,300981.0,103.0,17853.0,401.0,13983.0,482597.0,15309.0,285672.0
104,189614.0,189614.0,189614.0,189614.0,189614.0,311608.0,311608.0,311608.0,311608.0,311608.0,1370859129.0,1370859129.0,1370859129.0,1370859129.0,0.0,0.0,0.0,0.0,0.09955500134987476,0.07447219132123002,India,1371360351,2020-06-26,189614.0,311608.0,311608.0,104.0,18625.0,381.0,10246.0,501222.0,15690.0,295918.0
105,195213.0,195213.0,195213.0,195213.0,195213.0,326251.0,326251.0,326251.0,326251.0,326251.0,1370838887.0,1370838887.0,1370838887.0,1370838887.0,0.0,0.0,0.0,0.0,0.10315328204781413,0.07033209006241359,India,1371360351,2020-06-27,195213.0,326251.0,326251.0,105.0,20242.0,414.0,14229.0,521464.0,16104.0,310147.0
106,202992.0,202992.0,202992.0,202992.0,202992.0,338266.0,338266.0,338266.0,338266.0,338266.0,1370819093.0,1370819093.0,1370819093.0,1370819093.0,0.0,0.0,0.0,0.0,0.10417763717946817,0.07160468170262808,India,1371360351,2020-06-28,202992.0,338266.0,338266.0,106.0,19794.0,384.0,11631.0,541258.0,16488.0,321778.0
107,207971.0,207971.0,207971.0,207971.0,207971.0,352180.0,352180.0,352180.0,352180.0,352180.0,1370800200.0,1370800200.0,1370800200.0,1370800200.0,0.0,0.0,0.0,0.0,0.09699050372344592,0.06950558706838207,India,1371360351,2020-06-29,207971.0,352180.0,352180.0,107.0,18893.0,417.0,13497.0,560151.0,16905.0,335275.0
108,213437.0,213437.0,213437.0,213437.0,213437.0,365251.0,365251.0,365251.0,365251.0,365251.0,1370781663.0,1370781663.0,1370781663.0,1370781663.0,0.0,0.0,0.0,0.0,0.09235348837117399,0.06428249138741138,India,1371360351,2020-06-30,213437.0,365251.0,365251.0,108.0,18537.0,506.0,12565.0,578688.0,17411.0,347840.0
109,220453.0,220453.0,220453.0,220453.0,220453.0,377753.0,377753.0,377753.0,377753.0,377753.0,1370762145.0,1370762145.0,1370762145.0,1370762145.0,0.0,0.0,0.0,0.0,0.09565746525667326,0.06496269685957058,India,1371360351,2020-07-01,220453.0,377753.0,377753.0,109.0,19518.0,438.0,12064.0,598206.0,17849.0,359904.0
110,222106.0,222106.0,222106.0,222106.0,222106.0,398130.0,398130.0,398130.0,398130.0,398130.0,1370740115.0,1370740115.0,1370740115.0,1370740115.0,0.0,0.0,0.0,0.0,0.09665540477184306,0.0761225647960799,India,1371360351,2020-07-02,222106.0,398130.0,398130.0,110.0,22030.0,378.0,19999.0,620236.0,18227.0,379903.0
111,230764.0,230764.0,230764.0,230764.0,230764.0,412991.0,412991.0,412991.0,412991.0,412991.0,1370716596.0,1370716596.0,1370716596.0,1370716596.0,0.0,0.0,0.0,0.0,0.10064026091302598,0.07100574697865579,India,1371360351,2020-07-03,230764.0,412991.0,412991.0,111.0,23519.0,444.0,14417.0,643755.0,18671.0,394320.0
112,240457.0,240457.0,240457.0,240457.0,240457.0,428348.0,428348.0,428348.0,428348.0,428348.0,1370691546.0,1370691546.0,1370691546.0,1370691546.0,0.0,0.0,0.0,0.0,0.10618976742960123,0.07415691106590651,India,1371360351,2020-07-04,240457.0,428348.0,428348.0,112.0,25050.0,611.0,14746.0,668805.0,19282.0,409066.0
113,248519.0,248519.0,248519.0,248519.0,248519.0,444598.0,444598.0,444598.0,444598.0,444598.0,1370667234.0,1370667234.0,1370667234.0,1370667234.0,0.0,0.0,0.0,0.0,0.10552738184345871,0.0696875875897297,India,1371360351,2020-07-05,248519.0,444598.0,444598.0,113.0,24312.0,421.0,15829.0,693117.0,19703.0,424895.0
114,254947.0,254947.0,254947.0,254947.0,254947.0,460386.0,460386.0,460386.0,460386.0,460386.0,1370645018.0,1370645018.0,1370645018.0,1370645018.0,0.0,0.0,0.0,0.0,0.09551508172186057,0.06686577189474167,India,1371360351,2020-07-06,254947.0,460386.0,460386.0,114.0,22216.0,473.0,15315.0,715333.0,20176.0,440210.0
115,260658.0,260658.0,260658.0,260658.0,260658.0,477701.0,477701.0,477701.0,477701.0,477701.0,1370621992.0,1370621992.0,1370621992.0,1370621992.0,0.0,0.0,0.0,0.0,0.0863951019900904,0.07797583804821967,India,1371360351,2020-07-07,260658.0,477701.0,477701.0,115.0,23026.0,479.0,16836.0,738359.0,20655.0,457046.0
116,266235.0,266235.0,266235.0,266235.0,266235.0,497701.0,497701.0,497701.0,497701.0,497701.0,1370596415.0,1370596415.0,1370596415.0,1370596415.0,0.0,0.0,0.0,0.0,0.09289190001494688,0.06945457557221077,India,1371360351,2020-07-08,266235.0,497701.0,497701.0,116.0,25577.0,492.0,19508.0,763936.0,21147.0,476554.0
117,272771.0,272771.0,272771.0,272771.0,272771.0,517588.0,517588.0,517588.0,517588.0,517588.0,1370569992.0,1370569992.0,1370569992.0,1370569992.0,0.0,0.0,0.0,0.0,0.10127034106981042,0.06838944637210356,India,1371360351,2020-07-09,272771.0,517588.0,517588.0,117.0,26423.0,479.0,19408.0,790359.0,21626.0,495962.0
118,279948.0,279948.0,279948.0,279948.0,279948.0,538397.0,538397.0,538397.0,538397.0,538397.0,1370542006.0,1370542006.0,1370542006.0,1370542006.0,0.0,0.0,0.0,0.0,0.10453721650727174,0.07819568795836346,India,1371360351,2020-07-10,279948.0,538397.0,538397.0,118.0,27986.0,520.0,20289.0,818345.0,22146.0,516251.0
119,287926.0,287926.0,287926.0,287926.0,287926.0,558921.0,558921.0,558921.0,558921.0,558921.0,1370513504.0,1370513504.0,1370513504.0,1370513504.0,0.0,0.0,0.0,0.0,0.10471206472570682,0.07371197056017353,India,1371360351,2020-07-11,287926.0,558921.0,558921.0,119.0,28502.0,543.0,19981.0,846847.0,22689.0,536232.0
120,298726.0,298726.0,298726.0,298726.0,298726.0,577619.0,577619.0,577619.0,577619.0,577619.0,1370484006.0,1370484006.0,1370484006.0,1370484006.0,0.0,0.0,0.0,0.0,0.0977058987713008,0.07847016020219538,India,1371360351,2020-07-12,298726.0,577619.0,577619.0,120.0,29498.0,500.0,18198.0,876345.0,23189.0,554430.0
121,309346.0,309346.0,309346.0,309346.0,309346.0,595843.0,595843.0,595843.0,595843.0,595843.0,1370455162.0,1370455162.0,1370455162.0,1370455162.0,0.0,0.0,0.0,0.0,0.09420615642793385,0.06720267628111887,India,1371360351,2020-07-13,309346.0,595843.0,595843.0,121.0,28844.0,541.0,17683.0,905189.0,23730.0,572113.0
122,317878.0,317878.0,317878.0,317878.0,317878.0,617407.0,617407.0,617407.0,617407.0,617407.0,1370425066.0,1370425066.0,1370425066.0,1370425066.0,0.0,0.0,0.0,0.0,0.0942348529484513,0.07168575140777683,India,1371360351,2020-07-14,317878.0,617407.0,617407.0,122.0,30096.0,587.0,20977.0,935285.0,24317.0,593090.0
123,329880.0,329880.0,329880.0,329880.0,329880.0,638667.0,638667.0,638667.0,638667.0,638667.0,1370391804.0,1370391804.0,1370391804.0,1370391804.0,0.0,0.0,0.0,0.0,0.09851738065102754,0.07556740783000405,India,1371360351,2020-07-15,329880.0,638667.0,638667.0,123.0,33262.0,614.0,20646.0,968547.0,24931.0,613736.0
124,342040.0,342040.0,342040.0,342040.0,342040.0,662214.0,662214.0,662214.0,662214.0,662214.0,1370356097.0,1370356097.0,1370356097.0,1370356097.0,0.0,0.0,0.0,0.0,0.10671466432296073,0.07761926756490428,India,1371360351,2020-07-16,342040.0,662214.0,662214.0,124.0,35707.0,680.0,22867.0,1004254.0,25611.0,636603.0
125,359462.0,359462.0,359462.0,359462.0,359462.0,680366.0,680366.0,680366.0,680366.0,680366.0,1370320523.0,1370320523.0,1370320523.0,1370320523.0,0.0,0.0,0.0,0.0,0.108869995394686,0.07146490675325687,India,1371360351,2020-07-17,359462.0,680366.0,680366.0,125.0,35574.0,676.0,17476.0,1039828.0,26287.0,654079.0
126,373115.0,373115.0,373115.0,373115.0,373115.0,704492.0,704492.0,704492.0,704492.0,704492.0,1370282744.0,1370282744.0,1370282744.0,1370282744.0,0.0,0.0,0.0,0.0,0.10670619107876174,0.06871009672697521,India,1371360351,2020-07-18,373115.0,704492.0,704492.0,126.0,37779.0,543.0,23583.0,1077607.0,26830.0,677662.0
127,390108.0,390108.0,390108.0,390108.0,390108.0,727897.0,727897.0,727897.0,727897.0,727897.0,1370242346.0,1370242346.0,1370242346.0,1370242346.0,0.0,0.0,0.0,0.0,0.1015350392193103,0.07374075644864654,India,1371360351,2020-07-19,390108.0,727897.0,727897.0,127.0,40398.0,675.0,22730.0,1118005.0,27505.0,700392.0
128,402015.0,402015.0,402015.0,402015.0,402015.0,752796.0,752796.0,752796.0,752796.0,752796.0,1370205540.0,1370205540.0,1370205540.0,1370205540.0,0.0,0.0,0.0,0.0,0.10145178531756258,0.0680903983218904,India,1371360351,2020-07-20,402015.0,752796.0,752796.0,128.0,36806.0,596.0,24303.0,1154811.0,28101.0,724695.0
129,412925.0,412925.0,412925.0,412925.0,412925.0,781056.0,781056.0,781056.0,781056.0,781056.0,1370166370.0,1370166370.0,1370166370.0,1370166370.0,0.0,0.0,0.0,0.0,0.09663723626202303,0.0720686179928382,India,1371360351,2020-07-21,412925.0,781056.0,781056.0,129.0,39170.0,671.0,27589.0,1193981.0,28772.0,752284.0
130,425521.0,425521.0,425521.0,425521.0,425521.0,814061.0,814061.0,814061.0,814061.0,814061.0,1370120769.0,1370120769.0,1370120769.0,1370120769.0,0.0,0.0,0.0,0.0,0.10250676708330664,0.07447720320166361,India,1371360351,2020-07-22,425521.0,814061.0,814061.0,130.0,45601.0,1130.0,31875.0,1239582.0,29902.0,784159.0
131,439883.0,439883.0,439883.0,439883.0,439883.0,848142.0,848142.0,848142.0,848142.0,848142.0,1370072326.0,1370072326.0,1370072326.0,1370072326.0,0.0,0.0,0.0,0.0,0.10815474973878514,0.07359218976948473,India,1371360351,2020-07-23,439883.0,848142.0,848142.0,131.0,48443.0,755.0,33326.0,1288025.0,30657.0,817485.0
132,455494.0,455494.0,455494.0,455494.0,455494.0,881419.0,881419.0,881419.0,881419.0,881419.0,1370023438.0,1370023438.0,1370023438.0,1370023438.0,0.0,0.0,0.0,0.0,0.111497027905799,0.0783630690269184,India,1371360351,2020-07-24,455494.0,881419.0,881419.0,132.0,48888.0,763.0,32514.0,1336913.0,31420.0,849999.0
133,467738.0,467738.0,467738.0,467738.0,467738.0,919247.0,919247.0,919247.0,919247.0,919247.0,1369973366.0,1369973366.0,1369973366.0,1369973366.0,0.0,0.0,0.0,0.0,0.11600362765612236,0.07431550691659165,India,1371360351,2020-07-25,467738.0,919247.0,919247.0,133.0,50072.0,703.0,37125.0,1386985.0,32123.0,887124.0
134,484454.0,484454.0,484454.0,484454.0,484454.0,951463.0,951463.0,951463.0,951463.0,951463.0,1369924434.0,1369924434.0,1369924434.0,1369924434.0,0.0,0.0,0.0,0.0,0.10472003474753623,0.06887616571670466,India,1371360351,2020-07-26,484454.0,951463.0,951463.0,134.0,48932.0,704.0,31512.0,1435917.0,32827.0,918636.0
135,495942.0,495942.0,495942.0,495942.0,495942.0,986459.0,986459.0,986459.0,986459.0,986459.0,1369877950.0,1369877950.0,1369877950.0,1369877950.0,0.0,0.0,0.0,0.0,0.09605189191638218,0.07223802466281629,India,1371360351,2020-07-27,495942.0,986459.0,986459.0,135.0,46484.0,642.0,34354.0,1482401.0,33469.0,952990.0
136,509116.0,509116.0,509116.0,509116.0,509116.0,1022916.0,1022916.0,1022916.0,1022916.0,1022916.0,1369828319.0,1369828319.0,1369828319.0,1369828319.0,0.0,0.0,0.0,0.0,0.10018249661561296,0.0735106121280311,India,1371360351,2020-07-28,509116.0,1022916.0,1022916.0,136.0,49631.0,774.0,35683.0,1532032.0,34243.0,988673.0
137,527934.0,527934.0,527934.0,527934.0,527934.0,1056577.0,1056577.0,1056577.0,1056577.0,1056577.0,1369775840.0,1369775840.0,1369775840.0,1369775840.0,0.0,0.0,0.0,0.0,0.10319395408291607,0.0661165628265464,India,1371360351,2020-07-29,527934.0,1056577.0,1056577.0,137.0,52479.0,775.0,32886.0,1584511.0,35018.0,1021559.0
138,544693.0,544693.0,544693.0,544693.0,544693.0,1094786.0,1094786.0,1094786.0,1094786.0,1094786.0,1369720872.0,1369720872.0,1369720872.0,1369720872.0,0.0,0.0,0.0,0.0,0.10423951696391677,0.07237457712517095,India,1371360351,2020-07-30,544693.0,1094786.0,1094786.0,138.0,54968.0,784.0,37425.0,1639479.0,35802.0,1058984.0
139,564861.0,564861.0,564861.0,564861.0,564861.0,1132104.0,1132104.0,1132104.0,1132104.0,1132104.0,1369663386.0,1369663386.0,1369663386.0,1369663386.0,0.0,0.0,0.0,0.0,0.10566467260503458,0.0685119874865291,India,1371360351,2020-07-31,564861.0,1132104.0,1132104.0,139.0,57486.0,764.0,36554.0,1696965.0,36566.0,1095538.0
140,567756.0,567756.0,567756.0,567756.0,567756.0,1184326.0,1184326.0,1184326.0,1184326.0,1184326.0,1369608269.0,1369608269.0,1369608269.0,1369608269.0,0.0,0.0,0.0,0.0,0.0976971113849678,0.09245106318191555,India,1371360351,2020-08-01,567756.0,1184326.0,1184326.0,140.0,55117.0,854.0,51368.0,1752082.0,37420.0,1146906.0
141,579313.0,579313.0,579313.0,579313.0,579313.0,1225441.0,1225441.0,1225441.0,1225441.0,1225441.0,1369555597.0,1369555597.0,1369555597.0,1369555597.0,0.0,0.0,0.0,0.0,0.09289092684972641,0.07241667195062668,India,1371360351,2020-08-02,579313.0,1225441.0,1225441.0,141.0,52672.0,760.0,40355.0,1804754.0,38180.0,1187261.0
142,585925.0,585925.0,585925.0,585925.0,585925.0,1269317.0,1269317.0,1269317.0,1269317.0,1269317.0,1369505109.0,1369505109.0,1369505109.0,1369505109.0,0.0,0.0,0.0,0.0,0.08726635062073537,0.07573798620089658,India,1371360351,2020-08-03,585925.0,1269317.0,1269317.0,142.0,50488.0,806.0,43070.0,1855242.0,38986.0,1230331.0
143,585138.0,585138.0,585138.0,585138.0,585138.0,1321386.0,1321386.0,1321386.0,1321386.0,1321386.0,1369453827.0,1369453827.0,1369453827.0,1369453827.0,0.0,0.0,0.0,0.0,0.08764171306980541,0.08886632248154627,India,1371360351,2020-08-04,585138.0,1321386.0,1321386.0,143.0,51282.0,849.0,51220.0,1906524.0,39835.0,1281551.0
144,595262.0,595262.0,595262.0,595262.0,595262.0,1367888.0,1367888.0,1367888.0,1367888.0,1367888.0,1369397201.0,1369397201.0,1369397201.0,1369397201.0,0.0,0.0,0.0,0.0,0.0969084788417734,0.07947185108470138,India,1371360351,2020-08-05,595262.0,1367888.0,1367888.0,144.0,56626.0,919.0,45583.0,1963150.0,40754.0,1327134.0
145,606392.0,606392.0,606392.0,606392.0,606392.0,1418928.0,1418928.0,1418928.0,1418928.0,1418928.0,1369335031.0,1369335031.0,1369335031.0,1369335031.0,0.0,0.0,0.0,0.0,0.10459113147260599,0.08574375653073772,India,1371360351,2020-08-06,606392.0,1418928.0,1418928.0,145.0,62170.0,899.0,50141.0,2025320.0,41653.0,1377275.0
146,616524.0,616524.0,616524.0,616524.0,616524.0,1470251.0,1470251.0,1470251.0,1470251.0,1470251.0,1369273576.0,1369273576.0,1369273576.0,1369273576.0,0.0,0.0,0.0,0.0,0.10149522955967842,0.08463667066847848,India,1371360351,2020-08-07,616524.0,1470251.0,1470251.0,146.0,61455.0,936.0,50387.0,2086775.0,42589.0,1427662.0
147,628670.0,628670.0,628670.0,628670.0,628670.0,1523261.0,1523261.0,1523261.0,1523261.0,1523261.0,1369208420.0,1369208420.0,1369208420.0,1369208420.0,0.0,0.0,0.0,0.0,0.1058438890335299,0.08598205422659945,India,1371360351,2020-08-08,628670.0,1523261.0,1523261.0,147.0,65156.0,875.0,52135.0,2151931.0,43464.0,1479797.0
148,635300.0,635300.0,635300.0,635300.0,635300.0,1578748.0,1578748.0,1578748.0,1578748.0,1578748.0,1369146303.0,1369146303.0,1369146303.0,1369146303.0,0.0,0.0,0.0,0.0,0.09896229634753755,0.08826093180842096,India,1371360351,2020-08-09,635300.0,1578748.0,1578748.0,148.0,62117.0,1013.0,54474.0,2214048.0,44477.0,1534271.0
149,640067.0,640067.0,640067.0,640067.0,640067.0,1626997.0,1626997.0,1626997.0,1626997.0,1626997.0,1369093287.0,1369093287.0,1369093287.0,1369093287.0,0.0,0.0,0.0,0.0,0.08358528605729972,0.07594679678891862,India,1371360351,2020-08-10,640067.0,1626997.0,1626997.0,149.0,53016.0,887.0,47362.0,2267064.0,45364.0,1581633.0
150,644023.0,644023.0,644023.0,644023.0,644023.0,1684293.0,1684293.0,1684293.0,1684293.0,1684293.0,1369032035.0,1369032035.0,1369032035.0,1369032035.0,0.0,0.0,0.0,0.0,0.09585469396259706,0.08951562883260658,India,1371360351,2020-08-11,644023.0,1684293.0,1684293.0,150.0,61252.0,835.0,56461.0,2328316.0,46199.0,1638094.0
151,652380.0,652380.0,652380.0,652380.0,652380.0,1743002.0,1743002.0,1743002.0,1743002.0,1743002.0,1368964969.0,1368964969.0,1368964969.0,1368964969.0,0.0,0.0,0.0,0.0,0.10431313680388239,0.09115978777155474,India,1371360351,2020-08-12,652380.0,1743002.0,1743002.0,151.0,67066.0,950.0,57759.0,2395382.0,47149.0,1695853.0
152,660739.0,660739.0,660739.0,660739.0,660739.0,1798784.0,1798784.0,1798784.0,1798784.0,1798784.0,1368900828.0,1368900828.0,1368900828.0,1368900828.0,0.0,0.0,0.0,0.0,0.09849049998495649,0.08550538029982525,India,1371360351,2020-08-13,660739.0,1798784.0,1798784.0,152.0,64141.0,1006.0,54776.0,2459523.0,48155.0,1750629.0
153,668440.0,668440.0,668440.0,668440.0,668440.0,1856693.0,1856693.0,1856693.0,1856693.0,1856693.0,1368835218.0,1368835218.0,1368835218.0,1368835218.0,0.0,0.0,0.0,0.0,0.09947631726295958,0.08764277574049663,India,1371360351,2020-08-14,668440.0,1856693.0,1856693.0,153.0,65610.0,989.0,56920.0,2525133.0,49144.0,1807549.0
154,678358.0,678358.0,678358.0,678358.0,678358.0,1910761.0,1910761.0,1910761.0,1910761.0,1910761.0,1368771232.0,1368771232.0,1368771232.0,1368771232.0,0.0,0.0,0.0,0.0,0.0959009589027582,0.0808868410029322,India,1371360351,2020-08-15,678358.0,1910761.0,1910761.0,154.0,63986.0,952.0,53116.0,2589119.0,50096.0,1860665.0
155,678098.0,678098.0,678098.0,678098.0,678098.0,1969117.0,1969117.0,1969117.0,1969117.0,1969117.0,1368713136.0,1368713136.0,1368713136.0,1368713136.0,0.0,0.0,0.0,0.0,0.08580409212860378,0.0860253730331182,India,1371360351,2020-08-16,678098.0,1969117.0,1969117.0,155.0,58096.0,952.0,57404.0,2647215.0,51048.0,1918069.0
156,673344.0,673344.0,673344.0,673344.0,673344.0,2028169.0,2028169.0,2028169.0,2028169.0,2028169.0,1368658838.0,1368658838.0,1368658838.0,1368658838.0,0.0,0.0,0.0,0.0,0.08022884191230574,0.08708475766039717,India,1371360351,2020-08-17,673344.0,2028169.0,2028169.0,156.0,54298.0,880.0,58172.0,2701513.0,51928.0,1976241.0
157,676789.0,676789.0,676789.0,676789.0,676789.0,2089723.0,2089723.0,2089723.0,2089723.0,2089723.0,1368593839.0,1368593839.0,1368593839.0,1368593839.0,0.0,0.0,0.0,0.0,0.09672217707372033,0.09141538351867694,India,1371360351,2020-08-18,676789.0,2089723.0,2089723.0,157.0,64999.0,1099.0,60455.0,2766512.0,53027.0,2036696.0
158,685641.0,685641.0,685641.0,685641.0,685641.0,2150067.0,2150067.0,2150067.0,2150067.0,2150067.0,1368524643.0,1368524643.0,1368524643.0,1368524643.0,0.0,0.0,0.0,0.0,0.10244828836680449,0.08916220565050555,India,1371360351,2020-08-19,685641.0,2150067.0,2150067.0,158.0,69196.0,979.0,59365.0,2835708.0,54006.0,2096061.0
159,691305.0,691305.0,691305.0,691305.0,691305.0,2212921.0,2212921.0,2212921.0,2212921.0,2212921.0,1368456125.0,1368456125.0,1368456125.0,1368456125.0,0.0,0.0,0.0,0.0,0.10013983345710534,0.09167188076559016,India,1371360351,2020-08-20,691305.0,2212921.0,2212921.0,159.0,68518.0,981.0,61873.0,2904226.0,54987.0,2157934.0
160,696013.0,696013.0,696013.0,696013.0,696013.0,2276732.0,2276732.0,2276732.0,2276732.0,2276732.0,1368387606.0,1368387606.0,1368387606.0,1368387606.0,0.0,0.0,0.0,0.0,0.09932579027866284,0.09230513304547197,India,1371360351,2020-08-21,696013.0,2276732.0,2276732.0,160.0,68519.0,953.0,62858.0,2972745.0,55940.0,2220792.0
161,706061.0,706061.0,706061.0,706061.0,706061.0,2336751.0,2336751.0,2336751.0,2336751.0,2336751.0,1368317539.0,1368317539.0,1368317539.0,1368317539.0,0.0,0.0,0.0,0.0,0.10088779464032503,0.08623258473620464,India,1371360351,2020-08-22,706061.0,2336751.0,2336751.0,161.0,70067.0,918.0,59101.0,3042812.0,56858.0,2279893.0
162,710068.0,710068.0,710068.0,710068.0,710068.0,2394493.0,2394493.0,2394493.0,2394493.0,2394493.0,1368255790.0,1368255790.0,1368255790.0,1368255790.0,0.0,0.0,0.0,0.0,0.08765009688262893,0.08178046939287116,India,1371360351,2020-08-23,710068.0,2394493.0,2394493.0,162.0,61749.0,846.0,56896.0,3104561.0,57704.0,2336789.0
163,702605.0,702605.0,702605.0,702605.0,702605.0,2461652.0,2461652.0,2461652.0,2461652.0,2461652.0,1368196094.0,1368196094.0,1368196094.0,1368196094.0,0.0,0.0,0.0,0.0,0.0842615773801541,0.09458108237520914,India,1371360351,2020-08-24,702605.0,2461652.0,2461652.0,163.0,59696.0,854.0,66305.0,3164257.0,58558.0,2403094.0
164,575931.7533180416,575931.7533180416,575931.7533180416,575931.7533180416,575931.7533180416,2526438.159258683,2526438.159258683,2526438.159258683,2526438.159258683,2526438.159258683,1368134206.9125767,1368134206.9125767,1368134206.9125767,1368134206.9125767,0.0,0.0,0.0,0.0,0.08828604271605804,0.09220850870500946,India,1371360351,2020-08-25,704261.0,2526869.0,2526869.0,164.0,66873.0,1066.0,64151.0,3231130.0,59624.0,2467245.0
165,466316.42375933006,466316.42375933006,466316.42375933006,466316.42375933006,466316.42375933006,2581488.630457604,2581488.630457604,2581488.630457604,2581488.630457604,2581488.630457604,1368079642.0542169,1368079642.0542169,1368079642.0542169,1368079642.0542169,0.0,0.0,0.0,0.0,0.0949652894045068,0.09558506000366468,India,1371360351,2020-08-26,723048.0,2584077.0,2584077.0,165.0,75995.0,1017.0,56191.0,3307125.0,60641.0,2523436.0
166,379257.80186834675,379257.80186834675,379257.80186834675,379257.80186834675,379257.80186834675,2624329.824867157,2624329.824867157,2624329.824867157,2624329.824867157,2624329.824867157,1368035424.6267354,1368035424.6267354,1368035424.6267354,1368035424.6267354,0.0,0.0,0.0,0.0,0.09505018557864583,0.09187151090278507,India,1371360351,2020-08-27,739189.0,2644763.0,2644763.0,166.0,76827.0,1066.0,59620.0,3383952.0,61707.0,2583056.0
167,307517.5140207406,307517.5140207406,307517.5140207406,307517.5140207406,307517.5140207406,2660105.1622778573,2660105.1622778573,2660105.1622778573,2660105.1622778573,2660105.1622778573,1367999459.6762986,1367999459.6762986,1367999459.6762986,1367999459.6762986,0.0,0.0,0.0,0.0,0.09506030164762777,0.09432986542256908,India,1371360351,2020-08-28,750352.0,2710257.0,2710257.0,167.0,76657.0,1019.0,64475.0,3460609.0,62726.0,2647531.0
168,248111.20855251388,248111.20855251388,248111.20855251388,248111.20855251388,248111.20855251388,2689895.1547447275,2689895.1547447275,2689895.1547447275,2689895.1547447275,2689895.1547447275,1367969843.3632972,1367969843.3632972,1367969843.3632972,1367969843.3632972,0.0,0.0,0.0,0.0,0.09654433583278785,0.09687250679602222,India,1371360351,2020-08-29,762906.0,2776182.0,2776182.0,168.0,78479.0,943.0,64982.0,3539088.0,63669.0,2712513.0
169,202840.93526375218,202840.93526375218,202840.93526375218,202840.93526375218,202840.93526375218,2713161.6502738623,2713161.6502738623,2713161.6502738623,2713161.6502738623,2713161.6502738623,1367947839.5855377,1367947839.5855377,1367947839.5855377,1367947839.5855377,0.0,0.0,0.0,0.0,0.08890494774941438,0.09377446373693495,India,1371360351,2020-08-30,780985.0,2837564.0,2837564.0,169.0,79461.0,960.0,60422.0,3618549.0,64629.0,2772935.0
170,165854.77381723718,165854.77381723718,165854.77381723718,165854.77381723718,165854.77381723718,2733261.9609407587,2733261.9609407587,2733261.9609407587,2733261.9609407587,2733261.9609407587,1367930953.7347581,1367930953.7347581,1367930953.7347581,1367930953.7347581,0.0,0.0,0.0,0.0,0.08345442972667404,0.09909395576765766,India,1371360351,2020-08-31,784500.0,2902815.0,2902815.0,170.0,68766.0,816.0,64435.0,3687315.0,65445.0,2837370.0
171,135195.12751519738,135195.12751519738,135195.12751519738,135195.12751519738,135195.12751519738,2749227.5208518393,2749227.5208518393,2749227.5208518393,2749227.5208518393,2749227.5208518393,1367916259.6483672,1367916259.6483672,1367916259.6483672,1367916259.6483672,0.0,0.0,0.0,0.0,0.08881821165567175,0.0962622874435537,India,1371360351,2020-09-01,799631.0,2965852.0,2965852.0,171.0,78168.0,892.0,62145.0,3765483.0,66337.0,2899515.0
172,109256.67028899844,109256.67028899844,109256.67028899844,109256.67028899844,109256.67028899844,2762715.606753535,2762715.606753535,2762715.606753535,2762715.606753535,2762715.606753535,1367903809.2770426,1367903809.2770426,1367903809.2770426,1367903809.2770426,0.0,0.0,0.0,0.0,0.09232372985672896,0.09976754450843173,India,1371360351,2020-09-02,813704.0,3034639.0,3034639.0,172.0,82860.0,913.0,67874.0,3848343.0,67250.0,2967389.0
173,88384.99280432245,88384.99280432245,88384.99280432245,88384.99280432245,88384.99280432245,2773789.3615526976,2773789.3615526976,2773789.3615526976,2773789.3615526976,2773789.3615526976,1367894011.354357,1367894011.354357,1367894011.354357,1367894011.354357,0.0,0.0,0.0,0.0,0.08990463398830226,0.10135541170961147,India,1371360351,2020-09-03,829390.0,3103109.0,3103109.0,173.0,84156.0,979.0,67491.0,3932499.0,68229.0,3034880.0
174,71518.48491147181,71518.48491147181,71518.48491147181,71518.48491147181,71518.48491147181,2782411.0404440323,2782411.0404440323,2782411.0404440323,2782411.0404440323,2782411.0404440323,1367885766.5253556,1367885766.5253556,1367885766.5253556,1367885766.5253556,0.0,0.0,0.0,0.0,0.09351951859594715,0.09754686421056041,India,1371360351,2020-09-04,845930.0,3173684.0,3173684.0,174.0,87115.0,950.0,69625.0,4019614.0,69179.0,3104505.0
175,57774.470332005025,57774.470332005025,57774.470332005025,57774.470332005025,57774.470332005025,2789506.02337896,2789506.02337896,2789506.02337896,2789506.02337896,2789506.02337896,1367879117.493711,1367879117.493711,1367879117.493711,1367879117.493711,0.0,0.0,0.0,0.0,0.09320556699129237,0.09920488309714637,India,1371360351,2020-09-05,862453.0,3247761.0,3247761.0,175.0,90600.0,916.0,73161.0,4110214.0,70095.0,3177666.0
176,46915.70745089438,46915.70745089438,46915.70745089438,46915.70745089438,46915.70745089438,2795313.1150327954,2795313.1150327954,2795313.1150327954,2795313.1150327954,2795313.1150327954,1367874065.8224838,1367874065.8224838,1367874065.8224838,1367874065.8224838,0.0,0.0,0.0,0.0,0.08766030448810459,0.10051310934509161,India,1371360351,2020-09-06,883543.0,3318396.0,3318396.0,176.0,91725.0,1005.0,69630.0,4201939.0,71100.0,3247296.0
177,38186.78955558571,38186.78955558571,38186.78955558571,38186.78955558571,38186.78955558571,2800182.208294137,2800182.208294137,2800182.208294137,2800182.208294137,2800182.208294137,1367870205.9978497,1367870205.9978497,1367870205.9978497,1367870205.9978497,0.0,0.0,0.0,0.0,0.08248116325335819,0.10378386101153583,India,1371360351,2020-09-07,883313.0,3393641.0,3393641.0,177.0,75015.0,1129.0,74116.0,4276954.0,72229.0,3321412.0
178,31002.176544576687,31002.176544576687,31002.176544576687,31002.176544576687,31002.176544576687,2804095.013772647,2804095.013772647,2804095.013772647,2804095.013772647,2804095.013772647,1367866934.1903172,1367866934.1903172,1367866934.1903172,1367866934.1903172,0.0,0.0,0.0,0.0,0.08589765323056205,0.10246489752207005,India,1371360351,2020-09-08,897453.0,3469356.0,3469356.0,178.0,89855.0,1107.0,74608.0,4366809.0,73336.0,3396020.0
179,25024.282332996132,25024.282332996132,25024.282332996132,25024.282332996132,25024.282332996132,2807285.2011590297,2807285.2011590297,2807285.2011590297,2807285.2011590297,2807285.2011590297,1367864146.483492,1367864146.483492,1367864146.483492,1367864146.483492,0.0,0.0,0.0,0.0,0.09014936062143747,0.1029020456610736,India,1371360351,2020-09-09,918759.0,3543586.0,3543586.0,179.0,95536.0,1168.0,73062.0,4462345.0,74504.0,3469082.0
180,20135.564007806028,20135.564007806028,20135.564007806028,20135.564007806028,20135.564007806028,2809899.914740884,2809899.914740884,2809899.914740884,2809899.914740884,2809899.914740884,1367861872.4787486,1367861872.4787486,1367861872.4787486,1367861872.4787486,0.0,0.0,0.0,0.0,0.09110419134594791,0.10448705569497138,India,1371360351,2020-09-10,943404.0,3615703.0,3615703.0,180.0,96762.0,1213.0,70904.0,4559107.0,75717.0,3539986.0
181,16176.490190959878,16176.490190959878,16176.490190959878,16176.490190959878,16176.490190959878,2812021.560579152,2812021.560579152,2812021.560579152,2812021.560579152,2812021.560579152,1367860035.05077,1367860035.05077,1367860035.05077,1367860035.05077,0.0,0.0,0.0,0.0,0.09148625937034638,0.1053680859123273,India,1371360351,2020-09-11,958401.0,3698361.0,3698361.0,181.0,97655.0,1202.0,81456.0,4656762.0,76919.0,3621442.0
182,12986.688152872983,12986.688152872983,12986.688152872983,12986.688152872983,12986.688152872983,2813728.917406941,2813728.917406941,2813728.917406941,2813728.917406941,2813728.917406941,1367858552.6055598,1367858552.6055598,1367858552.6055598,1367858552.6055598,0.0,0.0,0.0,0.0,0.09187646572232973,0.10554556690815205,India,1371360351,2020-09-12,973842.0,3777334.0,3777334.0,182.0,94414.0,1111.0,77862.0,4751176.0,78030.0,3699304.0
183,10497.646517570687,10497.646517570687,10497.646517570687,10497.646517570687,10497.646517570687,2815110.880278681,2815110.880278681,2815110.880278681,2815110.880278681,2815110.880278681,1367857445.5267963,1367857445.5267963,1367857445.5267963,1367857445.5267963,0.0,0.0,0.0,0.0,0.08546543485792871,0.10641380277036391,India,1371360351,2020-09-13,988174.0,3856222.0,3856222.0,183.0,93220.0,1140.0,77748.0,4844396.0,79170.0,3777052.0
184,8530.67648672714,8530.67648672714,8530.67648672714,8530.67648672714,8530.67648672714,2816225.9496156042,2816225.9496156042,2816225.9496156042,2816225.9496156042,2816225.9496156042,1367856593.6261024,1367856593.6261024,1367856593.6261024,1367856593.6261024,0.0,0.0,0.0,0.0,0.08135940752581741,0.10622088818258416,India,1371360351,2020-09-14,989820.0,3936489.0,3936489.0,184.0,81913.0,1054.0,79213.0,4926309.0,80224.0,3856265.0
185,6889.613441688395,6889.613441688395,6889.613441688395,6889.613441688395,6889.613441688395,2817164.5533699426,2817164.5533699426,2817164.5533699426,2817164.5533699426,2817164.5533699426,1367855891.1668117,1367855891.1668117,1367855891.1668117,1367855891.1668117,0.0,0.0,0.0,0.0,0.08255601270602864,0.11002688424521442,India,1371360351,2020-09-15,996788.0,4020619.0,4020619.0,185.0,91098.0,1281.0,82849.0,5017407.0,81505.0,3939114.0
186,5536.811287372077,5536.811287372077,5536.811287372077,5536.811287372077,5536.811287372077,2817911.1678255815,2817911.1678255815,2817911.1678255815,2817911.1678255815,2817911.1678255815,1367855284.979113,1367855284.979113,1367855284.979113,1367855284.979113,0.0,0.0,0.0,0.0,0.08821115473079719,0.10836811991822058,India,1371360351,2020-09-16,1010584.0,4104683.0,4104683.0,186.0,97860.0,1140.0,82924.0,5115267.0,82645.0,4022038.0
187,4440.342387530554,4440.342387530554,4440.342387530554,4440.342387530554,4440.342387530554,2818518.142671193,2818518.142671193,2818518.142671193,2818518.142671193,2818518.142671193,1367854795.4850588,1367854795.4850588,1367854795.4850588,1367854795.4850588,0.0,0.0,0.0,0.0,0.08863375229458365,0.10962534464477827,India,1371360351,2020-09-17,1018408.0,4193646.0,4193646.0,187.0,96787.0,1175.0,87788.0,5212054.0,83820.0,4109826.0
188,3560.3386740569763,3560.3386740569763,3560.3386740569763,3560.3386740569763,3560.3386740569763,2819001.75577017,2819001.75577017,2819001.75577017,2819001.75577017,2819001.75577017,1367854399.0944443,1367854399.0944443,1367854399.0944443,1367854399.0944443,0.0,0.0,0.0,0.0,0.0894990644137519,0.10891347035202495,India,1371360351,2020-09-18,1014645.0,4290382.0,4290382.0,188.0,92973.0,1221.0,95515.0,5305027.0,85041.0,4205341.0
189,2844.589352148175,2844.589352148175,2844.589352148175,2844.589352148175,2844.589352148175,2819396.4358103485,2819396.4358103485,2819396.4358103485,2819396.4358103485,2819396.4358103485,1367854078.0251625,1367854078.0251625,1367854078.0251625,1367854078.0251625,0.0,0.0,0.0,0.0,0.09041056059081876,0.1108546338735255,India,1371360351,2020-09-19,1011681.0,4385920.0,4385920.0,189.0,92574.0,1149.0,94389.0,5397601.0,86190.0,4299730.0
190,2279.4745028480147,2279.4745028480147,2279.4745028480147,2279.4745028480147,2279.4745028480147,2819717.526730041,2819717.526730041,2819717.526730041,2819717.526730041,2819717.526730041,1367853834.0012329,1367853834.0012329,1367853834.0012329,1367853834.0012329,0.0,0.0,0.0,0.0,0.08600518923708199,0.11287777599600105,India,1371360351,2020-09-20,1005015.0,4479981.0,4479981.0,190.0,87395.0,1135.0,92926.0,5484996.0,87325.0,4392656.0
191,1842.8379617502846,1842.8379617502846,1842.8379617502846,1842.8379617502846,1842.8379617502846,2819972.83618548,2819972.83618548,2819972.83618548,2819972.83618548,2819972.83618548,1367853652.6741471,1367853652.6741471,1367853652.6741471,1367853652.6741471,0.0,0.0,0.0,0.0,0.07975167985280109,0.11200364606851076,India,1371360351,2020-09-21,976382.0,4583107.0,4583107.0,191.0,74493.0,1056.0,102070.0,5559489.0,88381.0,4494726.0
192,1481.3362269328973,1481.3362269328973,1481.3362269328973,1481.3362269328973,1481.3362269328973,2820182.5852016658,2820182.5852016658,2820182.5852016658,2820182.5852016658,2820182.5852016658,1367853500.9214284,1367853500.9214284,1367853500.9214284,1367853500.9214284,0.0,0.0,0.0,0.0,0.08255840322420406,0.11381848026754501,India,1371360351,2020-09-22,969002.0,4673849.0,4673849.0,192.0,83362.0,1085.0,89657.0,5642851.0,89466.0,4584383.0
193,1185.587504488613,1185.587504488613,1185.587504488613,1185.587504488613,1185.587504488613,2820351.996985123,2820351.996985123,2820351.996985123,2820351.996985123,2820351.996985123,1367853374.5844893,1367853374.5844893,1367853374.5844893,1367853374.5844893,0.0,0.0,0.0,0.0,0.0855044482532416,0.11436416687644213,India,1371360351,2020-09-23,967123.0,4762431.0,4762431.0,193.0,86703.0,1123.0,87459.0,5729554.0,90589.0,4671842.0
194,946.8613749597106,946.8613749597106,946.8613749597106,946.8613749597106,946.8613749597106,2820489.038434641,2820489.038434641,2820489.038434641,2820489.038434641,2820489.038434641,1367853272.8998094,1367853272.8998094,1367853272.8998094,1367853272.8998094,0.0,0.0,0.0,0.0,0.0859872293725652,0.11558948538097795,India,1371360351,2020-09-24,970758.0,4844717.0,4844717.0,194.0,85921.0,1144.0,81142.0,5815475.0,91733.0,4752984.0
195,753.923553221297,753.923553221297,753.923553221297,753.923553221297,753.923553221297,2820599.2824372044,2820599.2824372044,2820599.2824372044,2820599.2824372044,2820599.2824372044,1367853190.20599,1367853190.20599,1367853190.20599,1367853190.20599,0.0,0.0,0.0,0.0,0.0875585829285881,0.1164309850195582,India,1371360351,2020-09-25,962051.0,4939141.0,4939141.0,195.0,85717.0,1093.0,93331.0,5901192.0,92826.0,4846315.0
196,600.2103667353151,600.2103667353151,600.2103667353151,600.2103667353151,600.2103667353151,2820686.9200886707,2820686.9200886707,2820686.9200886707,2820686.9200886707,2820686.9200886707,1367853124.130455,1367853124.130455,1367853124.130455,1367853124.130455,0.0,0.0,0.0,0.0,0.08786693517406616,0.11624209257289712,India,1371360351,2020-09-26,957321.0,5032630.0,5032630.0,196.0,88759.0,1124.0,92365.0,5989951.0,93950.0,4938680.0
197,478.98920829547643,478.98920829547643,478.98920829547643,478.98920829547643,478.98920829547643,2820757.6817703485,2820757.6817703485,2820757.6817703485,2820757.6817703485,2820757.6817703485,1367853073.6709783,1367853073.6709783,1367853073.6709783,1367853073.6709783,0.0,0.0,0.0,0.0,0.08428520992427613,0.11789480088863324,India,1371360351,2020-09-27,964360.0,5108361.0,5108361.0,197.0,82770.0,1040.0,74691.0,6072721.0,94990.0,5013371.0
198,383.72467687319613,383.72467687319613,383.72467687319613,383.72467687319613,383.72467687319613,2820814.7203977625,2820814.7203977625,2820814.7203977625,2820814.7203977625,2820814.7203977625,1367853035.4450743,1367853035.4450743,1367853035.4450743,1367853035.4450743,0.0,0.0,0.0,0.0,0.08000998230073056,0.11908123695938876,India,1371360351,2020-09-28,948056.0,5194334.0,5194334.0,198.0,69669.0,775.0,85198.0,6142390.0,95765.0,5098569.0
199,306.6425916449813,306.6425916449813,306.6425916449813,306.6425916449813,306.6425916449813,2820860.750869232,2820860.750869232,2820860.750869232,2820860.750869232,2820860.750869232,1367853004.3934605,1367853004.3934605,1367853004.3934605,1367853004.3934605,0.0,0.0,0.0,0.0,0.08112908853372613,0.11995702711886125,India,1371360351,2020-09-29,941228.0,5281662.0,5281662.0,199.0,80500.0,1178.0,86150.0,6222890.0,96943.0,5184719.0
200,244.21707485328312,244.21707485328312,244.21707485328312,244.21707485328312,244.21707485328312,2820897.560264656,2820897.560264656,2820897.560264656,2820897.560264656,2820897.560264656,1367852978.7773392,1367852978.7773392,1367852978.7773392,1367852978.7773392,0.0,0.0,0.0,0.0,0.08375158903200017,0.12004006105625714,India,1371360351,2020-09-30,941523.0,5368115.0,5368115.0,200.0,86748.0,1179.0,85274.0,6309638.0,98122.0,5269993.0
201,194.06640603239464,194.06640603239464,194.06640603239464,194.06640603239464,194.06640603239464,2820927.074381092,2820927.074381092,2820927.074381092,2820927.074381092,2820927.074381092,1367852958.140787,1367852958.140787,1367852958.140787,1367852958.140787,0.0,0.0,0.0,0.0,0.08471753046792857,0.12085197750467572,India,1371360351,2020-10-01,943477.0,5447945.0,5447945.0,201.0,81784.0,1099.0,78731.0,6391422.0,99221.0,5348724.0
202,153.87409688312604,153.87409688312604,153.87409688312604,153.87409688312604,153.87409688312604,2820950.80204005,2820950.80204005,2820950.80204005,2820950.80204005,2820950.80204005,1367852941.6761367,1367852941.6761367,1367852941.6761367,1367852941.6761367,0.0,0.0,0.0,0.0,0.08505783414459925,0.12226566896684943,India,1371360351,2020-10-02,945953.0,5525352.0,5525352.0,202.0,79883.0,1068.0,76339.0,6471305.0,100289.0,5425063.0
203,121.66344492358505,121.66344492358505,121.66344492358505,121.66344492358505,121.66344492358505,2820969.773698062,2820969.773698062,2820969.773698062,2820969.773698062,2820969.773698062,1367852928.4371428,1367852928.4371428,1367852928.4371428,1367852928.4371428,0.0,0.0,0.0,0.0,0.08625844937654223,0.12329338333389071,India,1371360351,2020-10-03,938840.0,5607944.0,5607944.0,203.0,75479.0,937.0,81655.0,6546784.0,101226.0,5506718.0
204,96.55075226664519,96.55075226664519,96.55075226664519,96.55075226664519,96.55075226664519,2820984.8272972964,2820984.8272972964,2820984.8272972964,2820984.8272972964,2820984.8272972964,1367852918.3780494,1367852918.3780494,1367852918.3780494,1367852918.3780494,0.0,0.0,0.0,0.0,0.08289167519149071,0.12373148930542757,India,1371360351,2020-10-04,935994.0,5685560.0,5685560.0,204.0,74770.0,903.0,76713.0,6621554.0,102129.0,5583431.0
205,76.85235588584032,76.85235588584032,76.85235588584032,76.85235588584032,76.85235588584032,2820996.891232862,2820996.891232862,2820996.891232862,2820996.891232862,2820996.891232862,1367852910.7435884,1367852910.7435884,1367852910.7435884,1367852910.7435884,0.0,0.0,0.0,0.0,0.0792747527212661,0.12494916178963185,India,1371360351,2020-10-05,919383.0,5762301.0,5762301.0,205.0,60130.0,886.0,75855.0,6681684.0,103015.0,5659286.0
206,61.1370420981751,61.1370420981751,61.1370420981751,61.1370420981751,61.1370420981751,2821006.5424952544,2821006.5424952544,2821006.5424952544,2821006.5424952544,2821006.5424952544,1367852904.679537,1367852904.679537,1367852904.679537,1367852904.679537,0.0,0.0,0.0,0.0,0.07910753977195904,0.12558186773779348,India,1371360351,2020-10-06,908317.0,5845236.0,5845236.0,206.0,71869.0,990.0,81945.0,6753553.0,104005.0,5741231.0
207,48.335088564828,48.335088564828,48.335088564828,48.335088564828,48.335088564828,2821014.3306502183,2821014.3306502183,2821014.3306502183,2821014.3306502183,2821014.3306502183,1367852899.6657386,1367852899.6657386,1367852899.6657386,1367852899.6657386,0.0,0.0,0.0,0.0,0.0822194658390364,0.1273884816205763,India,1371360351,2020-10-07,902954.0,5929408.0,5929408.0,207.0,78809.0,963.0,83209.0,6832362.0,104968.0,5824440.0
208,38.1944599380946,38.1944599380946,38.1944599380946,38.1944599380946,38.1944599380946,2821020.484495967,2821020.484495967,2821020.484495967,2821020.484495967,2821020.484495967,1367852895.6789558,1367852895.6789558,1367852895.6789558,1367852895.6789558,0.0,0.0,0.0,0.0,0.08269366859493425,0.1273163230141976,India,1371360351,2020-10-08,894039.0,6009120.0,6009120.0,208.0,70797.0,967.0,78745.0,6903159.0,105935.0,5903185.0
209,30.09860251261609,30.09860251261609,30.09860251261609,30.09860251261609,30.09860251261609,2821025.394846085,2821025.394846085,2821025.394846085,2821025.394846085,2821025.394846085,1367852892.4934485,1367852892.4934485,1367852892.4934485,1367852892.4934485,0.0,0.0,0.0,0.0,0.08361620000818615,0.12856184184868436,India,1371360351,2020-10-09,883787.0,6092677.0,6092677.0,209.0,73305.0,929.0,82628.0,6976464.0,106864.0,5985813.0
210,23.665352776564884,23.665352776564884,23.665352776564884,23.665352776564884,23.665352776564884,2821029.288312049,2821029.288312049,2821029.288312049,2821029.288312049,2821029.288312049,1367852889.9536648,1367852889.9536648,1367852889.9536648,1367852889.9536648,0.0,0.0,0.0,0.0,0.08459848935329409,0.12935703451827238,India,1371360351,2020-10-10,868260.0,6182622.0,6182622.0,210.0,74418.0,921.0,89024.0,7050882.0,107785.0,6074837.0
211,18.634970715139424,18.634970715139424,18.634970715139424,18.634970715139424,18.634970715139424,2821032.379991687,2821032.379991687,2821032.379991687,2821032.379991687,2821032.379991687,1367852888.0149624,1367852888.0149624,1367852888.0149624,1367852888.0149624,0.0,0.0,0.0,0.0,0.08213161580774864,0.1306416036609239,India,1371360351,2020-10-11,863671.0,6255000.0,6255000.0,211.0,67789.0,813.0,71565.0,7118671.0,108598.0,6146402.0
212,14.7338629389599,14.7338629389599,14.7338629389599,14.7338629389599,14.7338629389599,2821034.834807032,2821034.834807032,2821034.834807032,2821034.834807032,2821034.834807032,1367852886.56867,1367852886.56867,1367852886.56867,1367852886.56867,0.0,0.0,0.0,0.0,0.07781074903634339,0.1317316449050872,India,1371360351,2020-10-12,838858.0,6334075.0,6334075.0,212.0,54262.0,710.0,78365.0,7172933.0,109308.0,6224767.0
213,11.637133551058694,11.637133551058694,11.637133551058694,11.637133551058694,11.637133551058694,2821036.7796521094,2821036.7796521094,2821036.7796521094,2821036.7796521094,2821036.7796521094,1367852885.4167857,1367852885.4167857,1367852885.4167857,1367852885.4167857,0.0,0.0,0.0,0.0,0.07837985124638758,0.13199831475222434,India,1371360351,2020-10-13,827769.0,6408881.0,6408881.0,213.0,63717.0,727.0,74079.0,7236650.0,110035.0,6298846.0
214,9.159433851785497,9.159433851785497,9.159433851785497,9.159433851785497,9.159433851785497,2821038.329962628,2821038.329962628,2821038.329962628,2821038.329962628,2821038.329962628,1367852884.4893966,1367852884.4893966,1367852884.4893966,1367852884.4893966,0.0,0.0,0.0,0.0,0.07989658275004757,0.13322099568111023,India,1371360351,2020-10-14,813308.0,6491153.0,6491153.0,214.0,67811.0,690.0,81582.0,7304461.0,110725.0,6380428.0
215,7.189817905452367,7.189817905452367,7.189817905452367,7.189817905452367,7.189817905452367,2821039.5607871115,2821039.5607871115,2821039.5607871115,2821039.5607871115,2821039.5607871115,1367852883.750605,1367852883.750605,1367852883.750605,1367852883.750605,0.0,0.0,0.0,0.0,0.08086590217680498,0.1343777905125706,India,1371360351,2020-10-15,805075.0,6562827.0,6562827.0,215.0,63441.0,882.0,70792.0,7367902.0,111607.0,6451220.0
216,5.629408841132395,5.629408841132395,5.629408841132395,5.629408841132395,5.629408841132395,2821040.5335182734,2821040.5335182734,2821040.5335182734,2821040.5335182734,2821040.5335182734,1367852883.1629272,1367852883.1629272,1367852883.1629272,1367852883.1629272,0.0,0.0,0.0,0.0,0.08194711491175272,0.13529287873623588,India,1371360351,2020-10-16,795971.0,6634235.0,6634235.0,216.0,62304.0,840.0,70568.0,7430206.0,112447.0,6521788.0
217,4.3975966168178555,4.3975966168178555,4.3975966168178555,4.3975966168178555,4.3975966168178555,2821041.30056684,2821041.30056684,2821041.30056684,2821041.30056684,2821041.30056684,1367852882.6981635,1367852882.6981635,1367852882.6981635,1367852882.6981635,0.0,0.0,0.0,0.0,0.08277164168057434,0.1362573918644253,India,1371360351,2020-10-17,784249.0,6707850.0,6707850.0,217.0,61893.0,1032.0,72583.0,7492099.0,113479.0,6594371.0
218,3.440760694903294,3.440760694903294,3.440760694903294,3.440760694903294,3.440760694903294,2821041.9033910907,2821041.9033910907,2821041.9033910907,2821041.9033910907,2821041.9033910907,1367852882.3441517,1367852882.3441517,1367852882.3441517,1367852882.3441517,0.0,0.0,0.0,0.0,0.08070759193229651,0.1370803880156914,India,1371360351,2020-10-18,773768.0,6774850.0,6774850.0,218.0,56519.0,582.0,66418.0,7548618.0,114061.0,6660789.0
219,2.698704565851245,2.698704565851245,2.698704565851245,2.698704565851245,2.698704565851245,2821042.3795473836,2821042.3795473836,2821042.3795473836,2821042.3795473836,2821042.3795473836,1367852882.0782518,1367852882.0782518,1367852882.0782518,1367852882.0782518,0.0,0.0,0.0,0.0,0.07747753590144954,0.13838692525006271,India,1371360351,2020-10-19,748885.0,6845239.0,6845239.0,219.0,45506.0,589.0,69800.0,7594124.0,114650.0,6730589.0
220,2.1156885272600583,2.1156885272600583,2.1156885272600583,2.1156885272600583,2.1156885272600583,2821042.7558914307,2821042.7558914307,2821042.7558914307,2821042.7558914307,2821042.7558914307,1367852881.87158,1367852881.87158,1367852881.87158,1367852881.87158,0.0,0.0,0.0,0.0,0.0767782978566417,0.13945359258541462,India,1371360351,2020-10-20,740642.0,6907886.0,6907886.0,220.0,54404.0,714.0,61933.0,7648528.0,115364.0,6792522.0
221,1.6532254390051797,1.6532254390051797,1.6532254390051797,1.6532254390051797,1.6532254390051797,2821043.052703291,2821043.052703291,2821043.052703291,2821043.052703291,2821043.052703291,1367852881.7059286,1367852881.7059286,1367852881.7059286,1367852881.7059286,0.0,0.0,0.0,0.0,0.07849737379972369,0.1402909060836875,India,1371360351,2020-10-21,716644.0,6988148.0,6988148.0,221.0,56264.0,701.0,79561.0,7704792.0,116065.0,6872083.0
222,1.2889608821351137,1.2889608821351137,1.2889608821351137,1.2889608821351137,1.2889608821351137,2821043.286122468,2821043.286122468,2821043.286122468,2821043.286122468,2821043.286122468,1367852881.5750833,1367852881.5750833,1367852881.5750833,1367852881.5750833,0.0,0.0,0.0,0.0,0.07934846206173157,0.14119016745282342,India,1371360351,2020-10-22,695965.0,7063095.0,7063095.0,8393.0,54268.0,685.0,74262.0,7759060.0,116750.0,6946345.0
223,1.0026527297758716,1.0026527297758716,1.0026527297758716,1.0026527297758716,1.0026527297758716,2821043.4695725846,2821043.4695725846,2821043.4695725846,2821043.4695725846,2821043.4695725846,1367852881.4722252,1367852881.4722252,1367852881.4722252,1367852881.4722252,0.0,0.0,0.0,0.0,0.08000381333919457,0.1423240373273597,India,1371360351,2020-10-23,0.0,0.0,0.0,,,,,,,
224,0.7777160608907706,0.7777160608907706,0.7777160608907706,0.7777160608907706,0.7777160608907706,2821043.6134763234,2821043.6134763234,2821043.6134763234,2821043.6134763234,2821043.6134763234,1367852881.3911922,1367852881.3911922,1367852881.3911922,1367852881.3911922,0.0,0.0,0.0,0.0,0.08102577624443275,0.1435230112786462,India,1371360351,2020-10-24,0.0,0.0,0.0,,,,,,,
225,0.6037531152961724,0.6037531152961724,0.6037531152961724,0.6037531152961724,0.6037531152961724,2821043.725881836,2821043.725881836,2821043.725881836,2821043.725881836,2821043.725881836,1367852881.3296347,1367852881.3296347,1367852881.3296347,1367852881.3296347,0.0,0.0,0.0,0.0,0.0793545134011312,0.1445328419934861,India,1371360351,2020-10-25,0.0,0.0,0.0,,,,,,,
226,0.4699973442522075,0.4699973442522075,0.4699973442522075,0.4699973442522075,0.4699973442522075,2821043.813623768,2821043.813623768,2821043.813623768,2821043.813623768,2821043.813623768,1367852881.2836208,1367852881.2836208,1367852881.2836208,1367852881.2836208,0.0,0.0,0.0,0.0,0.07640843171408895,0.14532750149413548,India,1371360351,2020-10-26,0.0,0.0,0.0,,,,,,,
227,0.3656860915358985,0.3656860915358985,0.3656860915358985,0.3656860915358985,0.3656860915358985,2821043.882510576,2821043.882510576,2821043.882510576,2821043.882510576,2821043.882510576,1367852881.2481964,1367852881.2481964,1367852881.2481964,1367852881.2481964,0.0,0.0,0.0,0.0,0.07556485326378395,0.14656850537461635,India,1371360351,2020-10-27,0.0,0.0,0.0,,,,,,,
228,0.28357512753090114,0.28357512753090114,0.28357512753090114,0.28357512753090114,0.28357512753090114,2821043.9364732956,2821043.9364732956,2821043.9364732956,2821043.9364732956,2821043.9364732956,1367852881.2200482,1367852881.2200482,1367852881.2200482,1367852881.2200482,0.0,0.0,0.0,0.0,0.0771711675833984,0.14756568753892524,India,1371360351,2020-10-28,0.0,0.0,0.0,,,,,,,
229,0.21939743182751953,0.21939743182751953,0.21939743182751953,0.21939743182751953,0.21939743182751953,2821043.9786939127,2821043.9786939127,2821043.9786939127,2821043.9786939127,2821043.9786939127,1367852881.198091,1367852881.198091,1367852881.198091,1367852881.198091,0.0,0.0,0.0,0.0,0.07762803942115823,0.14888688432132208,India,1371360351,2020-10-29,0.0,0.0,0.0,,,,,,,
230,0.16940373623334384,0.16940373623334384,0.16940373623334384,0.16940373623334384,0.16940373623334384,2821044.011518211,2821044.011518211,2821044.011518211,2821044.011518211,2821044.011518211,1367852881.1809216,1367852881.1809216,1367852881.1809216,1367852881.1809216,0.0,0.0,0.0,0.0,0.07845772400678078,0.14961113356656686,India,1371360351,2020-10-30,0.0,0.0,0.0,,,,,,,
231,0.13043909966976946,0.13043909966976946,0.13043909966976946,0.13043909966976946,0.13043909966976946,2821044.037079491,2821044.037079491,2821044.037079491,2821044.037079491,2821044.037079491,1367852881.1675181,1367852881.1675181,1367852881.1675181,1367852881.1675181,0.0,0.0,0.0,0.0,0.07932366795960308,0.1508897058895543,India,1371360351,2020-10-31,0.0,0.0,0.0,,,,,,,
232,0.1004446639091931,0.1004446639091931,0.1004446639091931,0.1004446639091931,0.1004446639091931,2821044.05690991,2821044.05690991,2821044.05690991,2821044.05690991,2821044.05690991,1367852881.157354,1367852881.157354,1367852881.157354,1367852881.157354,0.0,0.0,0.0,0.0,0.07812136011401266,0.15202817763129692,India,1371360351,2020-11-01,0.0,0.0,0.0,,,,,,,
233,0.07752841769449711,0.07752841769449711,0.07752841769449711,0.07752841769449711,0.07752841769449711,2821044.0722956397,2821044.0722956397,2821044.0722956397,2821044.0722956397,2821044.0722956397,1367852881.1498237,1367852881.1498237,1367852881.1498237,1367852881.1498237,0.0,0.0,0.0,0.0,0.07516403567819477,0.15317617863075358,India,1371360351,2020-11-02,0.0,0.0,0.0,,,,,,,
234,0.05979197294784924,0.05979197294784924,0.05979197294784924,0.05979197294784924,0.05979197294784924,2821044.084255047,2821044.084255047,2821044.084255047,2821044.084255047,2821044.084255047,1367852881.1440465,1367852881.1440465,1367852881.1440465,1367852881.1440465,0.0,0.0,0.0,0.0,0.07470616812299304,0.15425836958707803,India,1371360351,2020-11-03,0.0,0.0,0.0,,,,,,,
235,0.04601599123712403,0.04601599123712403,0.04601599123712403,0.04601599123712403,0.04601599123712403,2821044.0935369995,2821044.0935369995,2821044.0935369995,2821044.0935369995,2821044.0935369995,1367852881.1395526,1367852881.1395526,1367852881.1395526,1367852881.1395526,0.0,0.0,0.0,0.0,0.07535381344698891,0.15523742969298704,India,1371360351,2020-11-04,0.0,0.0,0.0,,,,,,,
236,0.03531931371734224,0.03531931371734224,0.03531931371734224,0.03531931371734224,0.03531931371734224,2821044.100737501,2821044.100737501,2821044.100737501,2821044.100737501,2821044.100737501,1367852881.1360564,1367852881.1360564,1367852881.1360564,1367852881.1360564,0.0,0.0,0.0,0.0,0.07617223699811404,0.1564782434441752,India,1371360351,2020-11-05,0.0,0.0,0.0,,,,,,,
237,0.027041170700372742,0.027041170700372742,0.027041170700372742,0.027041170700372742,0.027041170700372742,2821044.1063081617,2821044.1063081617,2821044.1063081617,2821044.1063081617,2821044.1063081617,1367852881.133349,1367852881.133349,1367852881.133349,1367852881.133349,0.0,0.0,0.0,0.0,0.0768538363328981,0.157722793656799,India,1371360351,2020-11-06,0.0,0.0,0.0,,,,,,,
238,0.020652791788803637,0.020652791788803637,0.020652791788803637,0.020652791788803637,0.020652791788803637,2821044.110601192,2821044.110601192,2821044.110601192,2821044.110601192,2821044.110601192,1367852881.1312535,1367852881.1312535,1367852881.1312535,1367852881.1312535,0.0,0.0,0.0,0.0,0.0776860410525593,0.1587590414540236,India,1371360351,2020-11-07,0.0,0.0,0.0,,,,,,,
239,0.015770547185811667,0.015770547185811667,0.015770547185811667,0.015770547185811667,0.015770547185811667,2821044.113903546,2821044.113903546,2821044.113903546,2821044.113903546,2821044.113903546,1367852881.1296735,1367852881.1296735,1367852881.1296735,1367852881.1296735,0.0,0.0,0.0,0.0,0.07669383086794888,0.15989867600125224,India,1371360351,2020-11-08,0.0,0.0,0.0,,,,,,,
240,0.01205962595396369,0.01205962595396369,0.01205962595396369,0.01205962595396369,0.01205962595396369,2821044.116443461,2821044.116443461,2821044.116443461,2821044.116443461,2821044.116443461,1367852881.1285024,1367852881.1285024,1367852881.1285024,1367852881.1285024,0.0,0.0,0.0,0.0,0.07444314072184999,0.16105432813515735,India,1371360351,2020-11-09,0.0,0.0,0.0,,,,,,,
241,0.00922054748684057,0.00922054748684057,0.00922054748684057,0.00922054748684057,0.00922054748684057,2821044.118400947,2821044.118400947,2821044.118400947,2821044.118400947,2821044.118400947,1367852881.1276207,1367852881.1276207,1367852881.1276207,1367852881.1276207,0.0,0.0,0.0,0.0,0.07329022724997175,0.16231733391205355,India,1371360351,2020-11-10,0.0,0.0,0.0,,,,,,,
242,0.0053506603795244025,0.0053506603795244025,0.0053506603795244025,0.0053506603795244025,0.007031420142211597,2821044.1210658974,2821044.1210658974,2821044.1210658974,2821044.1210658974,2821044.11990849,1367852881.1264157,1367852881.1264157,1367852881.1264157,1367852881.1264157,0.0,0.0,0.0,0.0,0.07410969335988783,0.16349822273486928,India,1371360351,2020-11-11,0.0,0.0,0.0,,,,,,,
243,0.0048681675063798014,0.0048681675063798014,0.0048681675063798014,0.0048681675063798014,0.0053506603795244025,2821044.121946643,2821044.121946643,2821044.121946643,2821044.121946643,2821044.1210658974,1361013616.7203844,1358277910.9581316,1354174352.314752,1299460237.0696955,6839264.405632079,9574970.16788491,13678528.811264157,68392644.05632079,0.07462143167440732,0.16460502866503338,India,1371360351,2020-11-12,0.0,0.0,0.0,,,,,,,
244,0.004427190441365538,0.004426466124022895,0.004425379648008931,0.004410893301156079,0.004062010468316163,2821044.122747968,2821044.122747968,2821044.122747968,2821044.122747968,2821044.1219531735,1354208548.6364193,1348769965.5810616,1340632608.7912414,1234487225.2158475,13644332.489234,19082915.54459183,27220272.33441168,133365655.90980557,0.07520623818830025,0.1658255277655886,India,1371360351,2020-11-13,0.0,0.0,0.0,,,,,,,
245,0.0040227271673467764,0.004020118037357818,0.004016219613445287,0.003966036370501906,0.00307497040906622,2821044.123476706,2821044.1234765863,2821044.1234764075,2821044.1234740233,2821044.122631968,1347437505.8929088,1339328575.8216665,1327226282.7030025,1172762863.954743,20415375.232416097,28524305.30365926,40626598.42232409,195090017.17059794,0.07607958437817,0.16710798870284327,India,1371360351,2020-11-14,0.0,0.0,0.0,,,,,,,
246,0.0036506720649642876,0.0036448252902622222,0.0036361425647293572,0.0035298752994703682,0.0023260590066331915,2821044.1241388675,2821044.1241383175,2821044.124137497,2821044.124126853,2821044.1231496055,1340700318.3631492,1329953275.7906215,1313954019.875682,1114124720.7567523,27152562.76188064,37899605.33441093,53898861.24935412,253728160.3683351,0.07540465825254512,0.168338968286503,India,1371360351,2020-11-15,0.0,0.0,0.0,,,,,,,
247,0.0033076722302568654,0.0032972453026109474,0.003281886711605642,0.003105831028917848,0.0017617108134374486,2821044.1247397866,2821044.1247382737,2821044.124736024,2821044.1247078883,2821044.12354394,1333996816.7710695,1320643602.859827,1300814479.6766703,1058418484.7187215,33856064.35369638,47209278.26494528,67038401.44811094,309434396.4061727,0.07327834002349778,0.1695289763953062,India,1371360351,2020-11-16,0.0,0.0,0.0,,,,,,,
248,0.0029910005022151936,0.002974821299061751,0.0029512340282336607,0.002701425634404243,0.0013340468883643306,2821044.125284246,2821044.1252810163,2821044.1252762387,2821044.125219124,2821044.1238446576,1327326832.68698,1311399097.6395793,1287806334.8796825,1005497560.4826471,40526048.43755173,56453783.48496407,80046546.24487764,362355320.6421088,0.07224341326970904,0.17069625649918785,India,1371360351,2020-11-17,0.0,0.0,0.0,,,,,,,
249,0.0026984436941752087,0.0026756265419678286,0.0026427779945581596,0.002325027709831282,0.0010076957324733375,2821044.12577658,2821044.1257706867,2821044.1257620263,2821044.1256637922,2821044.1240741718,1320690198.5233386,1302219303.955903,1274928271.5306969,955222682.4584216,47162682.60098663,65633577.16844113,92924609.59367447,412630198.66624117,0.07277498487084319,0.17204359648656353,India,1371360351,2020-11-18,0.0,0.0,0.0,,,,,,,
250,0.0024282008208622837,0.0023982212881877435,0.00235569909297128,0.0019833288654264444,0.0007595887658043974,2821044.1262207576,2821044.126211108,2821044.1261970405,2821044.1260465034,2821044.124248769,1314086747.5305412,1293103768.8280401,1262178988.8152308,907461548.3354416,53766133.59360332,74749112.29613245,105673892.30898143,460391332.7891623,0.0731353602269844,0.17326387853679825,India,1371360351,2020-11-19,0.0,0.0,0.0,,,,,,,
251,0.002178794638070295,0.002141523091101469,0.0020895566689361467,0.0016800610197524252,0.0005711142403184398,2821044.126620452,2821044.1266058674,2821044.1265848004,2821044.1263729692,2821044.124381376,1307516313.7927315,1284052042.4460974,1249557198.9269464,862088470.9186344,60336567.331256025,83800838.67792873,118295682.19713375,505764410.20593435,0.07373879069242376,0.1745768655210761,India,1371360351,2020-11-20,0.0,0.0,0.0,,,,,,,
252,0.0019489924078965352,0.001904690200942507,0.0018441033660258621,0.0014158932334131056,0.0004282999024522179,2821044.1269790926,2821044.126958373,2821044.126928752,2821044.1266495157,2821044.124481738,1300978732.2236326,1275063678.1488512,1237061626.937569,818984047.372683,66874148.90021968,92789202.97505142,130791254.18640321,548868833.7518661,0.07452257593194317,0.17573067286841426,India,1371360351,2020-11-21,0.0,0.0,0.0,,,,,,,
253,0.0017377382183767238,0.0016870217129321943,0.001619131340519913,0.0011890731780426454,0.000320827113863966,2821044.1272999067,2821044.127271895,2821044.1272323006,2821044.1268825787,2821044.124557588,1294473838.562399,1266138232.4017062,1224691010.668106,778034845.0040385,73379042.56133784,101714648.72209337,143161870.4557789,589818036.1205002,0.07402281670470615,0.17709532703491315,India,1371360351,2020-11-22,0.0,0.0,0.0,,,,,,,
254,0.0015440954570333087,0.0014878756624427962,0.0014143530882975907,0.000996326591893356,0.00024051020015623229,2821044.127585947,2821044.1275495873,2821044.1274988176,2821044.127078306,2821044.1246148245,1288001469.369489,1257275264.7748091,1212444100.5613558,739133102.7538313,79851411.75414984,110577616.34890532,155408780.56245995,628719778.3707021,0.07212374602495092,0.17840400713412738,India,1371360351,2020-11-23,0.0,0.0,0.0,,,,,,,
255,0.0013671992875961372,0.0013066058574376562,0.0012293226818023487,0.0008336752876198651,0.00018020331346752544,2821044.127840113,2821044.127794499,2821044.1277316273,2821044.1272423062,2821044.124658042,1281561462.0225592,1248474337.9213161,1200319659.5556881,702176447.6161371,86291419.10099728,119378543.202329,167533221.5680735,665676433.5083938,0.07123681656255418,0.1796910337147594,India,1371360351,2020-11-24,0.0,0.0,0.0,,,,,,,
256,0.0012062204408142374,0.001142517154066137,0.001063393828296909,0.000697027350323653,0.00013477041385699456,2821044.128065161,2821044.128009573,2821044.12793398,2821044.1273795334,2821044.124690655,1275153654.7123778,1239735017.555811,1188316462.9600894,667067625.2353293,92699226.41111007,128117863.5677782,179536418.1636304,700785255.8892006,0.07132426848445979,0.180978377742088,India,1371360351,2020-11-25,0.0,0.0,0.0,,,,,,,
257,0.0010603388232532697,0.0009948392742846364,0.0009157123194862098,0.0005825292407284686,0.00010054674529522405,2821044.128263711,2821044.1281976374,2821044.1281090197,2821044.1274942677,2821044.1247152234,1268777886.438759,1231056872.4328756,1176433298.330457,633714243.9735624,99074994.68467197,136796008.69066888,191419582.79323128,734138637.150967,0.071826558100345,0.18229766655399832,India,1371360351,2020-11-26,0.0,0.0,0.0,,,,,,,
258,0.0009287254352129175,0.0008627169028132424,0.000785233305204354,0.0004867332989997768,7.48321154326733e-05,2821044.1284382483,2821044.128361393,2821044.1282597505,2821044.1275901548,2821044.12473369,1262433997.0065188,1222439474.3258102,1164668965.3471289,602028531.774884,105418884.11686577,145413406.797699,203183915.77653584,765824349.3496451,0.07226904074348868,0.18366380712125951,India,1371360351,2020-11-27,0.0,0.0,0.0,,,,,,,
259,0.0008105333752576492,0.0007452127103919942,0.0006707589496792814,0.00040664820870535065,5.553706275661874e-05,2821044.128591121,2821044.128503401,2821044.1283890037,2821044.127670273,2821044.1247475366,1256121827.0214486,1213882398.0055022,1153022275.6936402,571927105.1861397,111731054.10189836,153970483.11797968,214830605.43000713,795925775.9383893,0.07299668425949343,0.18503456018956738,India,1371360351,2020-11-28,0.0,0.0,0.0,,,,,,,
260,0.0007048962930054282,0.0006413210590807453,0.0005709849789765147,0.0003397238481361098,4.11657413027517e-05,2821044.128724539,2821044.1286260667,2821044.128499414,2821044.127737209,2821044.1247578845,1249841217.886311,1205385221.2194426,1141492052.9366913,543330749.9268327,118011663.2370056,162467659.9040182,226360828.18694353,824522131.1976963,0.0726328733572145,0.18632281965729508,India,1371360351,2020-11-29,0.0,0.0,0.0,,,,,,,
261,0.0006109313925720423,0.0005499868387941769,0.00048455005066865725,0.0002838077262440674,3.051823485381944e-05,2821044.128840569,2821044.1287316317,2821044.1285934006,2821044.127793129,2821044.124765611,1243592011.7968552,1196947524.6708903,1130077132.4073153,516164212.43049103,124260869.32643716,170905356.4525543,237775748.71631044,851688668.6940379,0.07114009197261267,0.18769155540765364,India,1371360351,2020-11-30,0.0,0.0,0.0,,,,,,,
262,0.0005277463675502894,0.0004701297787623207,0.0004100827146865487,0.0002370930442114197,2.2618074382393446e-05,2821044.1289411318,2821044.1288221623,2821044.1286731595,2821044.127839845,2821044.1247713813,1237374051.7378519,1188568891.9981818,1118776361.0832357,490356001.80896646,130478829.38542144,179283989.12525052,249076520.0403836,877496879.3155625,0.06996573198789524,0.18908010397299035,India,1371360351,2020-12-01,0.0,0.0,0.0,,,,,,,
263,0.0004544493113369816,0.00040066789575910595,0.0003462425859203854,0.00019806684462592687,1.672650764691701e-05,2821044.129028002,2821044.128899548,2821044.128740661,2821044.1278788717,2821044.1247756896,1231187181.4791477,1180248909.7541854,1107588597.4723988,465838201.71851814,136665699.6441107,187603971.36923778,260264283.65121597,902014679.4060109,0.07018417045685532,0.19047581057499458,India,1371360351,2020-12-02,0.0,0.0,0.0,,,,,,,
264,0.0003901592961990007,0.00034053997842461054,0.00029175129849377904,0.00016546426237119588,1.234281354460592e-05,2821044.1291028066,2821044.1289655003,2821044.1287976536,2821044.1279114746,2821044.1247788984,1225031245.5717402,1171987167.3858995,1096512711.4976716,442546291.6325922,142821635.55150646,195865713.7375171,271340169.62593997,925306589.4919368,0.07040862499302317,0.1918521124797621,India,1371360351,2020-12-03,0.0,0.0,0.0,,,,,,,
265,0.0003340175538716894,0.0002887243686240321,0.00024541687060617264,0.00013822800375480816,9.085746636574079e-06,2821044.1291670287,2821044.129021555,2821044.128845677,2821044.1279387106,2821044.1247812835,1218906089.3438723,1163783257.2141933,1085547584.3826928,420418977.05096257,148946791.77936515,204069623.90921837,282305296.74091667,947433904.0735664,0.0708401846181807,0.19322466801203841,India,1371360351,2020-12-04,0.0,0.0,0.0,,,,,,,
266,0.00028519809856488267,0.00024425517519084824,0.00020614742077918526,0.00011547513513358729,6.669118171466391e-06,2821044.12922201,2821044.129069081,2821044.1288860734,2821044.1279614633,2821044.124783052,1212811558.897146,1155636774.4136903,1074692108.5388644,399398028.19841444,155041322.2260845,212216106.70971772,293160772.5847436,968454852.9261146,0.07150717321733896,0.19465589094621394,India,1371360351,2020-12-05,0.0,0.0,0.0,,,,,,,
267,0.00024291534524335993,0.00020623277884545345,0.00017295808140939148,9.646763822443476e-05,4.886769769822651e-06,2821044.129268955,2821044.129109287,2821044.128920006,2821044.1279804707,2821044.12478436,1206747501.102655,1147547316.992792,1063945187.4534748,379428126.78849375,161105380.02057022,220305564.13061357,303907693.6701323,988424754.3360353,0.07133491191287045,0.19610152243143408,India,1371360351,2020-12-06,0.0,0.0,0.0,,,,,,,
268,0.00020643167687033152,0.0001738316231585688,0.0001449732104556054,8.058893533375622e-05,3.5806778042071824e-06,2821044.1293089404,2821044.1291432343,2821044.1289484757,2821044.1279963492,2821044.1247853255,1200713763.5971377,1139514485.7738404,1053305735.5789394,360456720.4490691,167139117.5260835,228338395.34956312,314547145.544667,1007396160.67546,0.06993248995865999,0.19751739844854196,India,1371360351,2020-12-07,0.0,0.0,0.0,,,,,,,
269,0.0001750626242534534,0.00014630290788558443,0.00012142276030518375,6.732398740166357e-05,2.622030360117533e-06,2821044.12934292,2821044.1291718483,2821044.128972339,2821044.128009614,2821044.124786038,1194710194.7791488,1131537884.3734224,1042772678.2231497,342433884.42661566,173142686.34406918,236314996.74998,325080202.9004564,1025418996.6979134,0.06895728751389266,0.19894700812828722,India,1371360351,2020-12-08,0.0,0.0,0.0,,,,,,,
270,0.00014817898627180465,0.00012297573099431515,0.000101635700600438,5.624255207681684e-05,1.916344719950784e-06,2821044.129371736,2821044.129195931,2821044.1289923256,2821044.1280206954,2821044.124786563,1188736643.805251,1123617119.1828074,1032344951.440918,325312190.2052849,179116237.31796494,244235761.94059396,335507929.68268794,1042540690.9192442,0.06892019060130568,0.20039318093511566,India,1371360351,2020-12-09,0.0,0.0,0.0,,,,,,,
271,0.00012520891791429836,0.00010325421519512311,8.503221438001993e-05,4.6985183951229606e-05,1.3973645375632502e-06,2821044.129396127,2821044.1292161737,2821044.1290090554,2821044.1280299528,2821044.12478695,1182792960.586223,1115751799.3485272,1022021501.9265087,309046580.6950207,185059920.5369912,252101081.7748736,345831379.1970971,1058806300.4295084,0.06909596414750044,0.20189851857916544,India,1371360351,2020-12-10,0.0,0.0,0.0,,,,,,,
272,0.00010563657151553268,8.661446482601212e-05,7.111427531157201e-05,3.925157110736071e-05,1.0163942677788703e-06,2821044.129416737,2821044.1292331703,2821044.1290230523,2821044.1280376865,2821044.1247872342,1176878995.7832906,1107941536.753087,1011801286.9072435,293594251.6602696,190973885.3399223,259911344.37031332,356051594.21636224,1074258629.4642594,0.06946272653259321,0.2033497843830505,India,1371360351,2020-12-11,0.0,0.0,0.0,,,,,,,
273,8.900125548525133e-05,7.259912815311689e-05,5.94570697793685e-05,3.279081147339099e-05,7.371484465130788e-07,2821044.129434125,2821044.129247428,2821044.129034758,2821044.128044147,2821044.1247874424,1170994600.8043733,1100185945.9958153,1001683274.0381709,278914539.07725614,196858280.31883878,267666935.12758493,366169607.0854347,1088938342.047273,0.0700780376803128,0.2048428312860341,India,1371360351,2020-12-12,0.0,0.0,0.0,,,,,,,
274,7.489407042776853e-05,6.08117406832333e-05,4.969975152622252e-05,2.739363095468878e-05,5.336274205684216e-07,2821044.129448775,2821044.1292593786,2821044.129044545,2821044.128049544,2821044.1247875947,1165139627.8003507,1092484644.3738444,991666441.2977892,264968812.12339333,202713253.32286063,275368236.74955565,376186439.8258164,1102884069.0011358,0.06996287315492483,0.20630838947849572,India,1371360351,2020-12-13,0.0,0.0,0.0,,,,,,,
275,6.295502459688473e-05,5.091065465810671e-05,4.153679994248141e-05,2.288493440546209e-05,3.8608833971445963e-07,2821044.129461103,2821044.129269389,2821044.1290527256,2821044.1280540526,2821044.1247877055,1159313929.6613483,1084837251.8632271,981749776.8848113,251720371.51722366,208538951.4618624,283015629.26017255,386103104.23879427,1116132509.6073055,0.06881012520455533,0.20784918746547104,India,1371360351,2020-12-14,0.0,0.0,0.0,,,,,,,
276,5.286920563164391e-05,4.260278975116821e-05,3.4710319333178666e-05,1.9118457715539663e-05,2.791114890278484e-07,2821044.129471466,2821044.1292777695,2821044.129059563,2821044.128057819,2821044.1247877865,1153517360.0130413,1077243391.1001844,971932279.1159632,239134352.94136247,214335521.1101691,290609490.0232151,395920602.0076424,1128718528.1831667,0.06788549019434495,0.2093668258003712,India,1371360351,2020-12-15,0.0,0.0,0.0,,,,,,,
277,4.436269592753528e-05,3.563770792477189e-05,2.9003066725252368e-05,1.597205390117653e-05,2.0141136620857112e-07,2821044.1294801687,2821044.1292847823,2821044.1290652766,2821044.1280609653,2821044.124787845,1147749773.2129757,1069702687.3624831,962212956.3248036,227177635.29429436,220103107.91023433,298150193.7609164,405639924.798802,1140675245.8302348,0.06767472329246617,0.21088218652769203,India,1371360351,2020-12-16,0.0,0.0,0.0,,,,,,,
278,3.719816097049388e-05,2.9802733946388047e-05,2.4232703295108258e-05,1.3343408736024618e-05,1.4499542480315872e-07,2821044.129487471,2821044.1292906487,2821044.129070051,2821044.128063594,2821044.124787888,1142011024.3469107,1062214768.5509458,952590826.7615556,215818753.52957964,225841856.7762992,305638112.5724538,415262054.36205006,1152034127.5949495,0.06786309322547046,0.21241354432201012,India,1371360351,2020-12-17,0.0,0.0,0.0,,,,,,,
279,3.117145251519734e-05,2.4917091846729365e-05,2.024600289069941e-05,1.1147369460428854e-05,1.0411778453525467e-07,2821044.129493594,2821044.1292955545,2821044.1290740403,2821044.12806579,2821044.124787919,1136300969.225176,1054779265.1710892,943064918.49394,205027815.85310066,231551911.89803377,313073615.95231044,424787962.6296656,1162825065.2714286,0.06811957013345003,0.213978312413927,India,1371360351,2020-12-18,0.0,0.0,0.0,,,,,,,
280,2.6107562369320117e-05,2.0828464376934327e-05,1.6914603664879946e-05,9.312735042778398e-06,7.45446094617103e-08,2821044.1294987253,2821044.129299656,2821044.1290773735,2821044.1280676248,2821044.1247879416,1130619464.3790503,1047395810.3148916,933634269.3090006,194776425.06044564,237233416.74415964,320457070.80850804,434218611.814605,1173076456.0640836,0.06866671670942993,0.2155446789576768,India,1371360351,2020-12-19,0.0,0.0,0.0,,,,,,,
281,2.1856403998217118e-05,1.7408280681589313e-05,1.4130927171539084e-05,7.779985455276662e-06,5.3255347667838155e-08,2821044.129503023,2821044.1293030847,2821044.129080158,2821044.1280691577,2821044.124787958,1124966367.057155,1040064039.6426873,924297926.6159106,185037603.80742335,242886514.06605488,327788841.4807123,443554954.507695,1182815277.3171058,0.06864304123129238,0.21712341995593853,India,1371360351,2020-12-20,0.0,0.0,0.0,,,,,,,
282,1.8290648101127493e-05,1.4547952001998041e-05,1.1805075366135121e-05,6.4993323731694474e-06,3.801265697487633e-08,2821044.1295066206,2821044.1293059504,2821044.1290824846,2821044.1280704383,2821044.1247879695,1119341535.2218692,1032783591.3651885,915054947.3497516,175785723.6170522,248511345.90134066,335069289.75821114,452797933.77385414,1192067157.507477,0.06770602224857142,0.21868611536385468,India,1371360351,2020-12-21,0.0,0.0,0.0,,,,,,,
283,1.5301886959694758e-05,1.215635841589159e-05,9.861808066374833e-06,5.429556521202364e-06,2.7108911039801773e-08,2821044.1295096315,2821044.1293083453,2821044.1290844283,2821044.128071508,2821044.124787978,1113744827.54576,1025554106.2256322,905904397.8762541,166996437.43619958,254108053.57745,342298774.8977675,461948483.24735165,1200856443.6883297,0.0667203870170964,0.22029540148497578,India,1371360351,2020-12-22,0.0,0.0,0.0,,,,,,,
